MatchDate,HomeTeam,AwayTeam,HomeTeamScore,AwayTeamScore,country,neutral,HomeTeamCode,AwayTeamCode,WorldcupSeason,FifaRankingUpdateDate,HomeTeamRating,AwayTeamRating
6/1/2019,Australia,Jordan,0,1,United Arab Emirates,TRUE,AUS,JOR,2022,20/12/18,1436,1196
7/1/2019,South Korea,Philippines,1,0,United Arab Emirates,TRUE,KOR,PHI,2022,20/12/18,1405,1171
7/1/2019,Iran,Yemen,5,0,United Arab Emirates,TRUE,IRN,YEM,2022,20/12/18,1481,1106
8/1/2019,Saudi Arabia,North Korea,4,0,United Arab Emirates,TRUE,KSA,PRK,2022,20/12/18,1335,1196
9/1/2019,Qatar,Lebanon,2,0,United Arab Emirates,TRUE,QAT,LBN,2022,20/12/18,1258,1296
9/1/2019,Japan,Turkmenistan,3,2,United Arab Emirates,TRUE,JPN,TKM,2022,20/12/18,1414,1120
11/1/2019,Palestine,Australia,0,3,United Arab Emirates,TRUE,PLE,AUS,2022,20/12/18,1236,1436
12/1/2019,Vietnam,Iran,0,2,United Arab Emirates,TRUE,VIE,IRN,2022,20/12/18,1229,1481
12/1/2019,Lebanon,Saudi Arabia,0,2,United Arab Emirates,TRUE,LBN,KSA,2022,20/12/18,1296,1335
13/01/19,North Korea,Qatar,0,6,United Arab Emirates,TRUE,PRK,QAT,2022,20/12/18,1196,1258
13/01/19,Oman,Japan,0,1,United Arab Emirates,TRUE,OMA,JPN,2022,20/12/18,1295,1414
15/01/19,Australia,Syria,3,2,United Arab Emirates,TRUE,AUS,SYR,2022,20/12/18,1436,1322
16/01/19,South Korea,China PR,2,0,United Arab Emirates,TRUE,KOR,CHN,2022,20/12/18,1405,1317
16/01/19,Iran,Iraq,0,0,United Arab Emirates,TRUE,IRN,IRQ,2022,20/12/18,1481,1271
17/01/19,Saudi Arabia,Qatar,0,2,United Arab Emirates,TRUE,KSA,QAT,2022,20/12/18,1335,1258
17/01/19,Japan,Uzbekistan,2,1,United Arab Emirates,TRUE,JPN,UZB,2022,20/12/18,1414,1251
20/01/19,Iran,Oman,2,0,United Arab Emirates,TRUE,IRN,OMA,2022,20/12/18,1481,1295
21/01/19,Australia,Uzbekistan,0,0,United Arab Emirates,TRUE,AUS,UZB,2022,20/12/18,1436,1251
21/01/19,Japan,Saudi Arabia,1,0,United Arab Emirates,TRUE,JPN,KSA,2022,20/12/18,1414,1335
22/01/19,South Korea,Bahrain,2,1,United Arab Emirates,TRUE,KOR,BHR,2022,20/12/18,1405,1178
22/01/19,Qatar,Iraq,1,0,United Arab Emirates,TRUE,QAT,IRQ,2022,20/12/18,1258,1271
24/01/19,China PR,Iran,0,3,United Arab Emirates,TRUE,CHN,IRN,2022,20/12/18,1317,1481
24/01/19,Vietnam,Japan,0,1,United Arab Emirates,TRUE,VIE,JPN,2022,20/12/18,1229,1414
25/01/19,South Korea,Qatar,0,1,United Arab Emirates,TRUE,KOR,QAT,2022,20/12/18,1405,1258
25/01/19,United Arab Emirates,Australia,1,0,United Arab Emirates,FALSE,UAE,AUS,2022,20/12/18,1309,1436
27/01/19,United States,Panama,3,0,United States,FALSE,USA,PAN,2022,20/12/18,1497,1326
28/01/19,Iran,Japan,0,3,United Arab Emirates,TRUE,IRN,JPN,2022,20/12/18,1481,1414
29/01/19,United Arab Emirates,Qatar,0,4,United Arab Emirates,FALSE,UAE,QAT,2022,20/12/18,1309,1258
1/2/2019,Japan,Qatar,1,3,United Arab Emirates,TRUE,JPN,QAT,2022,20/12/18,1414,1258
2/2/2019,United States,Costa Rica,2,0,United States,FALSE,USA,CRC,2022,20/12/18,1497,1464
20/03/19,Germany,Serbia,1,1,Germany,FALSE,GER,SRB,2022,7/2/2019,1558,1481
20/03/19,Wales,Trinidad and Tobago,1,0,Wales,FALSE,WAL,TRI,2022,7/2/2019,1525,1260
21/03/19,Kosovo,Denmark,2,2,Kosovo,FALSE,KOS,DEN,2022,7/2/2019,1113,1589
21/03/19,United Arab Emirates,Saudi Arabia,2,1,United Arab Emirates,FALSE,UAE,KSA,2022,7/2/2019,1355,1344
21/03/19,United States,Ecuador,1,0,United States,FALSE,USA,ECU,2022,7/2/2019,1501,1382
21/03/19,Netherlands,Belarus,4,0,Netherlands,FALSE,NED,BLR,2022,7/2/2019,1560,1317
21/03/19,Croatia,Azerbaijan,2,1,Croatia,FALSE,CRO,AZE,2022,7/2/2019,1634,1206
21/03/19,Austria,Poland,0,1,Austria,FALSE,AUT,POL,2022,7/2/2019,1509,1518
21/03/19,Belgium,Russia,3,1,Belgium,FALSE,BEL,RUS,2022,7/2/2019,1727,1424
22/03/19,Argentina,Venezuela,1,3,Spain,TRUE,ARG,VEN,2022,7/2/2019,1582,1478
22/03/19,Guatemala,Costa Rica,1,0,Guatemala,FALSE,GUA,CRC,2022,7/2/2019,1061,1461
22/03/19,South Korea,Bolivia,1,0,South Korea,FALSE,KOR,BOL,2022,7/2/2019,1451,1374
22/03/19,Mexico,Chile,3,1,United States,TRUE,MEX,CHI,2022,7/2/2019,1540,1565
22/03/19,England,Czech Republic,5,0,England,FALSE,ENG,CZE,2022,7/2/2019,1631,1435
22/03/19,Portugal,Ukraine,0,0,Portugal,FALSE,POR,UKR,2022,7/2/2019,1614,1482
22/03/19,Moldova,France,1,4,Moldova,FALSE,MDA,FRA,2022,7/2/2019,979,1726
23/03/19,Brazil,Panama,1,1,Portugal,TRUE,BRA,PAN,2022,7/2/2019,1676,1324
23/03/19,Georgia,Switzerland,0,2,Georgia,FALSE,GEO,SUI,2022,7/2/2019,1269,1599
23/03/19,Spain,Norway,2,1,Spain,FALSE,ESP,NOR,2022,7/2/2019,1591,1425
23/03/19,Senegal,Madagascar,2,0,Senegal,FALSE,SEN,MAD,2022,7/2/2019,1505,1209
23/03/19,Cameroon,Comoros,3,0,Cameroon,FALSE,CMR,COM,2022,7/2/2019,1394,1076
23/03/19,Ghana,Kenya,1,0,Ghana,FALSE,GHA,KEN,2022,7/2/2019,1412,1210
24/03/19,Netherlands,Germany,2,3,Netherlands,FALSE,NED,GER,2022,7/2/2019,1560,1558
24/03/19,Wales,Slovakia,1,0,Wales,FALSE,WAL,SVK,2022,7/2/2019,1525,1483
24/03/19,Hungary,Croatia,2,1,Hungary,FALSE,HUN,CRO,2022,7/2/2019,1412,1634
24/03/19,Poland,Latvia,2,0,Poland,FALSE,POL,LVA,2022,7/2/2019,1518,1112
24/03/19,Cyprus,Belgium,0,2,Cyprus,FALSE,CYP,BEL,2022,7/2/2019,1276,1727
25/03/19,Saudi Arabia,Equatorial Guinea,3,2,Saudi Arabia,FALSE,KSA,EQG,2022,7/2/2019,1344,1063
25/03/19,Montenegro,England,1,5,Montenegro,FALSE,MNE,ENG,2022,7/2/2019,1427,1631
25/03/19,Portugal,Serbia,1,1,Portugal,FALSE,POR,SRB,2022,7/2/2019,1614,1481
25/03/19,France,Iceland,4,0,France,FALSE,FRA,ISL,2022,7/2/2019,1726,1451
26/03/19,Algeria,Tunisia,1,0,Algeria,FALSE,ALG,TUN,2022,7/2/2019,1349,1493
26/03/19,Costa Rica,Jamaica,1,0,Costa Rica,FALSE,CRC,JAM,2022,7/2/2019,1461,1404
26/03/19,Czech Republic,Brazil,1,3,Czech Republic,FALSE,CZE,BRA,2022,7/2/2019,1435,1676
26/03/19,Ghana,Mauritania,3,1,Ghana,FALSE,GHA,MTN,2022,7/2/2019,1412,1222
26/03/19,Honduras,Ecuador,0,0,United States,TRUE,HON,ECU,2022,7/2/2019,1369,1382
26/03/19,South Korea,Colombia,2,1,South Korea,FALSE,KOR,COL,2022,7/2/2019,1451,1575
26/03/19,Morocco,Argentina,0,1,Morocco,FALSE,MAR,ARG,2022,7/2/2019,1440,1582
26/03/19,Paraguay,Mexico,2,4,United States,TRUE,PAR,MEX,2022,7/2/2019,1476,1540
26/03/19,Senegal,Mali,2,1,Senegal,FALSE,SEN,MLI,2022,7/2/2019,1505,1363
26/03/19,United States,Chile,1,1,United States,FALSE,USA,CHI,2022,7/2/2019,1501,1565
26/03/19,Switzerland,Denmark,3,3,Switzerland,FALSE,SUI,DEN,2022,7/2/2019,1599,1589
26/03/19,Malta,Spain,0,2,Malta,FALSE,MLT,ESP,2022,7/2/2019,926,1591
1/6/2019,Venezuela,Ecuador,1,1,United States,TRUE,VEN,ECU,2022,4/4/2019,1484,1378
2/6/2019,France,Bolivia,2,0,France,FALSE,FRA,BOL,2022,4/4/2019,1734,1366
5/6/2019,Brazil,Qatar,2,0,Brazil,FALSE,BRA,QAT,2022,4/4/2019,1676,1398
5/6/2019,Mexico,Venezuela,3,1,United States,TRUE,MEX,VEN,2022,4/4/2019,1549,1484
5/6/2019,Peru,Costa Rica,1,0,Peru,FALSE,PER,CRC,2022,4/4/2019,1516,1458
5/6/2019,United States,Jamaica,0,1,United States,FALSE,USA,JAM,2022,4/4/2019,1506,1391
5/6/2019,Portugal,Switzerland,3,1,Portugal,FALSE,POR,SUI,2022,4/4/2019,1607,1604
6/6/2019,Iran,Syria,5,0,Iran,FALSE,IRN,SYR,2022,4/4/2019,1516,1286
6/6/2019,England,Netherlands,1,3,Portugal,TRUE,ENG,NED,2022,4/4/2019,1647,1554
7/6/2019,Ukraine,Serbia,5,0,Ukraine,FALSE,UKR,SRB,2022,4/4/2019,1493,1484
7/6/2019,Denmark,Republic of Ireland,1,1,Denmark,FALSE,DEN,IRL,2022,4/4/2019,1586,1484
7/6/2019,Faroe Islands,Spain,1,4,Faroe Islands,FALSE,FRO,ESP,2022,4/4/2019,1213,1601
7/6/2019,North Macedonia,Poland,0,1,North Macedonia,FALSE,MKD,POL,2022,4/4/2019,1350,1535
7/6/2019,Argentina,Nicaragua,5,1,Argentina,FALSE,ARG,NCA,2022,4/4/2019,1580,1120
7/6/2019,South Korea,Australia,1,0,South Korea,FALSE,KOR,AUS,2022,4/4/2019,1462,1441
7/6/2019,Tunisia,Iraq,2,0,Tunisia,FALSE,TUN,IRQ,2022,4/4/2019,1491,1319
7/6/2019,Uruguay,Panama,3,0,Uruguay,FALSE,URU,PAN,2022,4/4/2019,1613,1327
8/6/2019,Belarus,Germany,0,2,Belarus,FALSE,BLR,GER,2022,4/4/2019,1301,1570
8/6/2019,Croatia,Wales,2,1,Croatia,FALSE,CRO,WAL,2022,4/4/2019,1621,1539
8/6/2019,Turkey,France,2,0,Turkey,FALSE,TUR,FRA,2022,4/4/2019,1457,1734
8/6/2019,Belgium,Kazakhstan,3,0,Belgium,FALSE,BEL,KAZ,2022,4/4/2019,1737,1171
9/6/2019,Brazil,Honduras,7,0,Brazil,FALSE,BRA,HON,2022,4/4/2019,1676,1369
9/6/2019,Cameroon,Zambia,2,1,Cameroon,FALSE,CMR,ZAM,2022,4/4/2019,1399,1302
9/6/2019,Mexico,Ecuador,3,2,United States,TRUE,MEX,ECU,2022,4/4/2019,1549,1378
9/6/2019,United States,Venezuela,0,3,United States,FALSE,USA,VEN,2022,4/4/2019,1506,1484
9/6/2019,Switzerland,England,0,0,Portugal,TRUE,SUI,ENG,2022,4/4/2019,1604,1647
9/6/2019,Portugal,Netherlands,1,0,Portugal,FALSE,POR,NED,2022,4/4/2019,1607,1554
10/6/2019,Serbia,Lithuania,4,1,Serbia,FALSE,SRB,LTU,2022,4/4/2019,1484,1102
10/6/2019,Denmark,Georgia,5,1,Denmark,FALSE,DEN,GEO,2022,4/4/2019,1586,1256
10/6/2019,Spain,Sweden,3,0,Spain,FALSE,ESP,SWE,2022,4/4/2019,1601,1567
10/6/2019,Poland,Israel,4,0,Poland,FALSE,POL,ISR,2022,4/4/2019,1535,1285
11/6/2019,Germany,Estonia,8,0,Germany,FALSE,GER,EST,2022,4/4/2019,1570,1240
11/6/2019,Hungary,Wales,1,0,Hungary,FALSE,HUN,WAL,2022,4/4/2019,1419,1539
11/6/2019,Andorra,France,0,4,Andorra,FALSE,AND,FRA,2022,4/4/2019,1099,1734
11/6/2019,Belgium,Scotland,3,0,Belgium,FALSE,BEL,SCO,2022,4/4/2019,1737,1430
11/6/2019,Croatia,Tunisia,1,2,Croatia,FALSE,CRO,TUN,2022,4/4/2019,1621,1491
11/6/2019,South Korea,Iran,1,1,South Korea,FALSE,KOR,IRN,2022,4/4/2019,1462,1516
12/6/2019,Morocco,Gambia,0,1,Morocco,FALSE,MAR,GAM,2022,4/4/2019,1429,994
14/06/19,Cameroon,Mali,1,1,Qatar,TRUE,CMR,MLI,2022,4/4/2019,1399,1365
14/06/19,Brazil,Bolivia,3,0,Brazil,FALSE,BRA,BOL,2022,4/4/2019,1676,1366
15/06/19,Argentina,Colombia,0,2,Brazil,TRUE,ARG,COL,2022,14/06/19,1582,1580
15/06/19,Ghana,South Africa,0,0,United Arab Emirates,TRUE,GHA,RSA,2022,14/06/19,1423,1335
16/06/19,Paraguay,Qatar,2,2,Brazil,TRUE,PAR,QAT,2022,14/06/19,1468,1396
16/06/19,Uruguay,Ecuador,4,0,Brazil,TRUE,URU,ECU,2022,14/06/19,1615,1375
16/06/19,Morocco,Zambia,2,3,Morocco,FALSE,MAR,ZAM,2022,14/06/19,1429,1298
16/06/19,Senegal,Nigeria,1,0,Egypt,TRUE,SEN,NGA,2022,14/06/19,1515,1433
17/06/19,Japan,Chile,0,4,Brazil,TRUE,JPN,CHI,2022,14/06/19,1496,1561
17/06/19,Tunisia,Burundi,2,1,Tunisia,FALSE,TUN,BDI,2022,14/06/19,1501,1092
18/06/19,Brazil,Venezuela,0,0,Brazil,FALSE,BRA,VEN,2022,14/06/19,1681,1485
19/06/19,Colombia,Qatar,1,0,Brazil,TRUE,COL,QAT,2022,14/06/19,1580,1396
19/06/19,Argentina,Paraguay,1,1,Brazil,TRUE,ARG,PAR,2022,14/06/19,1582,1468
20/06/19,Uruguay,Japan,2,2,Brazil,TRUE,URU,JPN,2022,14/06/19,1615,1496
21/06/19,Ecuador,Chile,1,2,Brazil,TRUE,ECU,CHI,2022,14/06/19,1375,1561
22/06/19,Brazil,Peru,5,0,Brazil,FALSE,BRA,PER,2022,14/06/19,1681,1516
23/06/19,Senegal,Tanzania,2,0,Egypt,TRUE,SEN,TAN,2022,14/06/19,1515,1105
23/06/19,Morocco,Namibia,1,0,Egypt,TRUE,MAR,NAM,2022,14/06/19,1429,1182
23/06/19,Qatar,Argentina,0,2,Brazil,TRUE,QAT,ARG,2022,14/06/19,1396,1582
24/06/19,Tunisia,Angola,1,1,Egypt,TRUE,TUN,ANG,2022,14/06/19,1501,1142
24/06/19,Chile,Uruguay,0,1,Brazil,TRUE,CHI,URU,2022,14/06/19,1561,1615
24/06/19,Ecuador,Japan,1,1,Brazil,TRUE,ECU,JPN,2022,14/06/19,1375,1496
25/06/19,Cameroon,Guinea-Bissau,2,0,Egypt,TRUE,CMR,GNB,2022,14/06/19,1404,1158
25/06/19,Ghana,Benin,2,2,Egypt,TRUE,GHA,BEN,2022,14/06/19,1423,1273
27/06/19,Senegal,Algeria,0,1,Egypt,TRUE,SEN,ALG,2022,14/06/19,1515,1346
27/06/19,Brazil,Paraguay,0,0,Brazil,FALSE,BRA,PAR,2022,14/06/19,1681,1468
28/06/19,Morocco,Ivory Coast,1,0,Egypt,TRUE,MAR,CIV,2022,14/06/19,1429,1365
28/06/19,Tunisia,Mali,1,1,Egypt,TRUE,TUN,MLI,2022,14/06/19,1501,1365
28/06/19,Venezuela,Argentina,0,2,Brazil,TRUE,VEN,ARG,2022,14/06/19,1485,1582
29/06/19,Cameroon,Ghana,0,0,Egypt,TRUE,CMR,GHA,2022,14/06/19,1404,1423
29/06/19,Uruguay,Peru,0,0,Brazil,TRUE,URU,PER,2022,14/06/19,1615,1516
1/7/2019,Kenya,Senegal,0,3,Egypt,TRUE,KEN,SEN,2022,14/06/19,1207,1515
1/7/2019,South Africa,Morocco,0,1,Egypt,TRUE,RSA,MAR,2022,14/06/19,1335,1429
2/7/2019,Mauritania,Tunisia,0,0,Egypt,TRUE,MTN,TUN,2022,14/06/19,1210,1501
2/7/2019,Benin,Cameroon,0,0,Egypt,TRUE,BEN,CMR,2022,14/06/19,1273,1404
2/7/2019,Guinea-Bissau,Ghana,0,2,Egypt,TRUE,GNB,GHA,2022,14/06/19,1158,1423
2/7/2019,Brazil,Argentina,2,0,Brazil,FALSE,BRA,ARG,2022,14/06/19,1681,1582
5/7/2019,Morocco,Benin,1,1,Egypt,TRUE,MAR,BEN,2022,14/06/19,1429,1273
5/7/2019,Uganda,Senegal,0,1,Egypt,TRUE,UGA,SEN,2022,14/06/19,1299,1515
6/7/2019,Nigeria,Cameroon,3,2,Egypt,TRUE,NGA,CMR,2022,14/06/19,1433,1404
6/7/2019,Argentina,Chile,2,1,Brazil,TRUE,ARG,CHI,2022,14/06/19,1582,1561
7/7/2019,Brazil,Peru,3,1,Brazil,FALSE,BRA,PER,2022,14/06/19,1681,1516
8/7/2019,Ghana,Tunisia,1,1,Egypt,TRUE,GHA,TUN,2022,14/06/19,1423,1501
10/7/2019,Senegal,Benin,1,0,Egypt,TRUE,SEN,BEN,2022,14/06/19,1515,1273
11/7/2019,Madagascar,Tunisia,0,3,Egypt,TRUE,MAD,TUN,2022,14/06/19,1198,1501
14/07/19,Senegal,Tunisia,1,0,Egypt,TRUE,SEN,TUN,2022,14/06/19,1515,1501
17/07/19,Tunisia,Nigeria,0,1,Egypt,TRUE,TUN,NGA,2022,14/06/19,1501,1433
19/07/19,Senegal,Algeria,0,1,Egypt,TRUE,SEN,ALG,2022,14/06/19,1515,1346
28/07/19,Liberia,Senegal,1,0,Liberia,FALSE,LBR,SEN,2022,25/07/19,1044,1550
3/8/2019,Senegal,Liberia,3,0,Senegal,FALSE,SEN,LBR,2022,25/07/19,1550,1044
5/9/2019,Argentina,Chile,0,0,United States,TRUE,ARG,CHI,2022,25/07/19,1610,1583
5/9/2019,South Korea,Georgia,2,2,Turkey,TRUE,KOR,GEO,2022,25/07/19,1467,1255
5/9/2019,Peru,Ecuador,0,1,United States,TRUE,PER,ECU,2022,25/07/19,1552,1359
5/9/2019,Saudi Arabia,Mali,1,1,Saudi Arabia,FALSE,KSA,MLI,2022,25/07/19,1342,1389
5/9/2019,Republic of Ireland,Switzerland,1,1,Republic of Ireland,FALSE,IRL,SUI,2022,25/07/19,1489,1605
5/9/2019,Gibraltar,Denmark,0,6,Gibraltar,FALSE,GIB,DEN,2022,25/07/19,893,1589
5/9/2019,Romania,Spain,1,2,Romania,FALSE,ROU,ESP,2022,25/07/19,1497,1617
5/9/2019,Qatar,Afghanistan,6,0,Qatar,FALSE,QAT,AFG,2022,25/07/19,1375,1058
6/9/2019,Brazil,Colombia,2,2,United States,TRUE,BRA,COL,2022,25/07/19,1726,1622
6/9/2019,Costa Rica,Uruguay,1,2,Costa Rica,FALSE,CRC,URU,2022,25/07/19,1445,1637
6/9/2019,Morocco,Burkina Faso,1,1,Morocco,FALSE,MAR,BFA,2022,25/07/19,1461,1381
6/9/2019,Tunisia,Mauritania,1,0,Tunisia,FALSE,TUN,MTN,2022,25/07/19,1496,1205
6/9/2019,United States,Mexico,0,3,United States,FALSE,USA,MEX,2022,25/07/19,1548,1604
6/9/2019,Germany,Netherlands,2,4,Germany,FALSE,GER,NED,2022,25/07/19,1582,1569
6/9/2019,Wales,Azerbaijan,2,1,Wales,FALSE,WAL,AZE,2022,25/07/19,1514,1188
6/9/2019,Slovakia,Croatia,0,4,Slovakia,FALSE,SVK,CRO,2022,25/07/19,1491,1625
6/9/2019,Slovenia,Poland,2,0,Slovenia,FALSE,SVN,POL,2022,25/07/19,1363,1550
6/9/2019,San Marino,Belgium,0,4,San Marino,FALSE,SMR,BEL,2022,25/07/19,839,1746
7/9/2019,England,Bulgaria,4,0,England,FALSE,ENG,BUL,2022,25/07/19,1652,1388
7/9/2019,Serbia,Portugal,2,4,Serbia,FALSE,SRB,POR,2022,25/07/19,1477,1631
7/9/2019,France,Albania,4,1,France,FALSE,FRA,ALB,2022,25/07/19,1718,1362
8/9/2019,Switzerland,Gibraltar,4,0,Switzerland,FALSE,SUI,GIB,2022,25/07/19,1605,893
8/9/2019,Georgia,Denmark,0,0,Georgia,FALSE,GEO,DEN,2022,25/07/19,1255,1589
8/9/2019,Spain,Faroe Islands,4,0,Egypt,TRUE,ESP,FRO,2022,25/07/19,1617,1200
9/9/2019,Wales,Belarus,1,0,Wales,FALSE,WAL,BLR,2022,25/07/19,1514,1286
9/9/2019,Northern Ireland,Germany,0,2,Northern Ireland,FALSE,NIR,GER,2022,25/07/19,1496,1582
9/9/2019,Estonia,Netherlands,0,4,Estonia,FALSE,EST,NED,2022,25/07/19,1228,1569
9/9/2019,Azerbaijan,Croatia,1,1,Azerbaijan,FALSE,AZE,CRO,2022,25/07/19,1188,1625
9/9/2019,Poland,Austria,0,0,Poland,FALSE,POL,AUT,2022,25/07/19,1550,1498
9/9/2019,Scotland,Belgium,0,4,Scotland,FALSE,SCO,BEL,2022,25/07/19,1433,1746
10/9/2019,Argentina,Mexico,4,0,United States,TRUE,ARG,MEX,2022,25/07/19,1610,1604
10/9/2019,Brazil,Peru,0,1,United States,TRUE,BRA,PER,2022,25/07/19,1726,1552
10/9/2019,Ecuador,Bolivia,3,0,Ecuador,FALSE,ECU,BOL,2022,25/07/19,1359,1332
10/9/2019,Ivory Coast,Tunisia,2,1,France,TRUE,CIV,TUN,2022,25/07/19,1394,1496
10/9/2019,Morocco,Niger,1,0,Morocco,FALSE,MAR,NIG,2022,25/07/19,1461,1209
10/9/2019,United States,Uruguay,1,1,United States,FALSE,USA,URU,2022,25/07/19,1548,1637
10/9/2019,England,Kosovo,5,3,England,FALSE,ENG,KOS,2022,25/07/19,1652,1149
10/9/2019,Luxembourg,Serbia,1,3,Luxembourg,FALSE,LUX,SRB,2022,25/07/19,1265,1477
10/9/2019,Lithuania,Portugal,1,5,Lithuania,FALSE,LTU,POR,2022,25/07/19,1101,1631
10/9/2019,France,Andorra,3,0,France,FALSE,FRA,AND,2022,25/07/19,1718,1082
10/9/2019,Kuwait,Australia,0,3,Kuwait,FALSE,KUW,AUS,2022,25/07/19,1022,1436
10/9/2019,Hong Kong,Iran,0,2,Hong Kong,FALSE,HKG,IRN,2022,25/07/19,1074,1518
10/9/2019,Yemen,Saudi Arabia,2,2,Bahrain,TRUE,YEM,KSA,2022,25/07/19,1073,1342
10/9/2019,Qatar,India,0,0,Qatar,FALSE,QAT,IND,2022,25/07/19,1375,1214
10/9/2019,Myanmar,Japan,0,2,Myanmar,FALSE,MYA,JPN,2022,25/07/19,1084,1481
10/9/2019,Turkmenistan,South Korea,0,2,Turkmenistan,FALSE,TKM,KOR,2022,25/07/19,1091,1467
21/09/19,Algeria,Morocco,0,0,Algeria,FALSE,ALG,MAR,2022,19/09/19,1466,1463
21/09/19,Tunisia,Libya,1,0,Tunisia,FALSE,TUN,LBY,2022,19/09/19,1493,1212
21/09/19,Senegal,Guinea,1,0,Senegal,FALSE,SEN,GUI,2022,19/09/19,1546,1325
22/09/19,Ghana,Burkina Faso,0,1,Ghana,FALSE,GHA,BFA,2022,19/09/19,1429,1381
2/10/2019,Mexico,Trinidad and Tobago,2,0,Mexico,FALSE,MEX,TRI,2022,19/09/19,1603,1226
9/10/2019,Germany,Argentina,2,2,Germany,FALSE,GER,ARG,2022,19/09/19,1580,1614
10/10/2019,Netherlands,Northern Ireland,3,1,Netherlands,FALSE,NED,NIR,2022,19/09/19,1586,1488
10/10/2019,Croatia,Hungary,3,0,Croatia,FALSE,CRO,HUN,2022,19/09/19,1625,1430
10/10/2019,Slovakia,Wales,1,1,Slovakia,FALSE,SVK,WAL,2022,19/09/19,1493,1522
10/10/2019,Latvia,Poland,0,3,Latvia,FALSE,LVA,POL,2022,19/09/19,1075,1532
10/10/2019,Belgium,San Marino,9,0,Belgium,FALSE,BEL,SMR,2022,19/09/19,1752,835
10/10/2019,Brazil,Senegal,1,1,Singapore,TRUE,BRA,SEN,2022,19/09/19,1719,1546
10/10/2019,Serbia,Paraguay,1,0,Serbia,FALSE,SRB,PAR,2022,19/09/19,1476,1462
10/10/2019,Australia,Nepal,5,0,Australia,FALSE,AUS,NEP,2022,19/09/19,1441,999
10/10/2019,Iran,Cambodia,14,0,Iran,FALSE,IRN,CAM,2022,19/09/19,1522,982
10/10/2019,Saudi Arabia,Singapore,3,0,Saudi Arabia,FALSE,KSA,SGP,2022,19/09/19,1336,1019
10/10/2019,Bangladesh,Qatar,0,2,Bangladesh,FALSE,BAN,QAT,2022,19/09/19,912,1377
10/10/2019,Japan,Mongolia,6,0,Japan,FALSE,JPN,MNG,2022,19/09/19,1490,923
10/10/2019,South Korea,Sri Lanka,8,0,South Korea,FALSE,KOR,SRI,2022,19/09/19,1470,872
11/10/2019,Czech Republic,England,2,1,Czech Republic,FALSE,CZE,ENG,2022,19/09/19,1441,1662
11/10/2019,Portugal,Luxembourg,3,0,Portugal,FALSE,POR,LUX,2022,19/09/19,1643,1255
11/10/2019,Iceland,France,0,1,Iceland,FALSE,ISL,FRA,2022,19/09/19,1461,1725
11/10/2019,Morocco,Libya,1,1,Morocco,FALSE,MAR,LBY,2022,19/09/19,1463,1212
11/10/2019,Uruguay,Peru,1,0,Uruguay,FALSE,URU,PER,2022,19/09/19,1639,1551
12/10/2019,Denmark,Switzerland,1,0,Denmark,FALSE,DEN,SUI,2022,19/09/19,1584,1604
12/10/2019,Norway,Spain,1,1,Norway,FALSE,NOR,ESP,2022,19/09/19,1435,1631
12/10/2019,Tunisia,Cameroon,0,0,Tunisia,FALSE,TUN,CMR,2022,19/09/19,1493,1409
13/10/19,Belarus,Netherlands,1,2,Belarus,FALSE,BLR,NED,2022,19/09/19,1294,1586
13/10/19,Estonia,Germany,0,3,Estonia,FALSE,EST,GER,2022,19/09/19,1212,1580
13/10/19,Wales,Croatia,1,1,Wales,FALSE,WAL,CRO,2022,19/09/19,1522,1625
13/10/19,Poland,North Macedonia,2,0,Poland,FALSE,POL,MKD,2022,19/09/19,1532,1339
13/10/19,Kazakhstan,Belgium,0,2,Kazakhstan,FALSE,KAZ,BEL,2022,19/09/19,1169,1752
13/10/19,Brazil,Nigeria,1,1,Singapore,TRUE,BRA,NGA,2022,19/09/19,1719,1482
13/10/19,Ecuador,Argentina,1,6,Spain,TRUE,ECU,ARG,2022,19/09/19,1370,1614
14/10/19,Bulgaria,England,0,6,Bulgaria,FALSE,BUL,ENG,2022,19/09/19,1377,1662
14/10/19,Lithuania,Serbia,1,2,Lithuania,FALSE,LTU,SRB,2022,19/09/19,1094,1476
14/10/19,Ukraine,Portugal,2,1,Ukraine,FALSE,UKR,POR,2022,19/09/19,1516,1643
14/10/19,France,Turkey,1,1,France,FALSE,FRA,TUR,2022,19/09/19,1725,1475
15/10/19,Switzerland,Republic of Ireland,2,0,Switzerland,FALSE,SUI,IRL,2022,19/09/19,1604,1496
15/10/19,Sweden,Spain,1,1,Sweden,FALSE,SWE,ESP,2022,19/09/19,1560,1631
15/10/19,Denmark,Luxembourg,4,0,Denmark,FALSE,DEN,LUX,2022,19/09/19,1584,1255
15/10/19,Morocco,Gabon,2,3,Morocco,FALSE,MAR,GAB,2022,19/09/19,1463,1272
15/10/19,Peru,Uruguay,1,1,Peru,FALSE,PER,URU,2022,19/09/19,1551,1639
15/10/19,Taiwan,Australia,1,7,Taiwan,FALSE,TPE,AUS,2022,19/09/19,1107,1441
15/10/19,Bahrain,Iran,1,0,Bahrain,FALSE,BHR,IRN,2022,19/09/19,1206,1522
15/10/19,Palestine,Saudi Arabia,0,0,Palestine,FALSE,PLE,KSA,2022,19/09/19,1223,1336
15/10/19,Qatar,Oman,2,1,Qatar,FALSE,QAT,OMA,2022,19/09/19,1377,1292
15/10/19,Tajikistan,Japan,0,3,Tajikistan,FALSE,TJK,JPN,2022,19/09/19,1174,1490
15/10/19,North Korea,South Korea,0,0,North Korea,FALSE,PRK,KOR,2022,19/09/19,1176,1470
19/10/19,Morocco,Algeria,3,0,Morocco,FALSE,MAR,ALG,2022,19/09/19,1463,1466
20/10/19,Libya,Tunisia,1,2,Libya,FALSE,LBY,TUN,2022,19/09/19,1212,1493
20/10/19,Guinea,Senegal,1,0,Guinea,FALSE,GUI,SEN,2022,19/09/19,1325,1546
20/10/19,Burkina Faso,Ghana,0,0,Burkina Faso,FALSE,BFA,GHA,2022,19/09/19,1381,1429
13/11/19,Cameroon,Cape Verde,0,0,Cameroon,FALSE,CMR,CPV,2022,24/10/19,1409,1319
13/11/19,Senegal,Congo,2,0,Senegal,FALSE,SEN,CGO,2022,24/10/19,1546,1265
14/11/19,Ghana,South Africa,2,0,Ghana,FALSE,GHA,RSA,2022,24/10/19,1426,1337
14/11/19,England,Montenegro,7,0,England,FALSE,ENG,MNE,2022,24/10/19,1651,1371
14/11/19,Portugal,Lithuania,6,0,Portugal,FALSE,POR,LTU,2022,24/10/19,1632,1086
14/11/19,Serbia,Luxembourg,3,2,Serbia,FALSE,SRB,LUX,2022,24/10/19,1485,1248
14/11/19,France,Moldova,2,1,France,FALSE,FRA,MDA,2022,24/10/19,1726,963
14/11/19,Ecuador,Trinidad and Tobago,3,0,Ecuador,FALSE,ECU,TRI,2022,24/10/19,1368,1213
14/11/19,Qatar,Singapore,2,0,Qatar,FALSE,QAT,SGP,2022,24/10/19,1391,1008
14/11/19,Jordan,Australia,0,1,Jordan,FALSE,JOR,AUS,2022,24/10/19,1236,1450
14/11/19,Iraq,Iran,2,1,Jordan,TRUE,IRQ,IRN,2022,24/10/19,1327,1505
14/11/19,Uzbekistan,Saudi Arabia,2,3,Uzbekistan,FALSE,UZB,KSA,2022,24/10/19,1287,1339
14/11/19,Lebanon,South Korea,0,0,Lebanon,FALSE,LBN,KOR,2022,24/10/19,1266,1466
15/11/19,Morocco,Mauritania,0,0,Morocco,FALSE,MAR,MTN,2022,24/10/19,1457,1205
15/11/19,Tunisia,Libya,4,1,Tunisia,FALSE,TUN,LBY,2022,24/10/19,1495,1211
15/11/19,Denmark,Gibraltar,6,0,Denmark,FALSE,DEN,GIB,2022,24/10/19,1599,882
15/11/19,Switzerland,Georgia,1,0,Switzerland,FALSE,SUI,GEO,2022,24/10/19,1601,1274
15/11/19,Spain,Malta,7,0,Spain,FALSE,ESP,MLT,2022,24/10/19,1625,924
15/11/19,Hungary,Uruguay,1,2,Hungary,FALSE,HUN,URU,2022,24/10/19,1429,1642
16/11/19,Northern Ireland,Netherlands,0,0,Northern Ireland,FALSE,NIR,NED,2022,24/10/19,1483,1602
16/11/19,Germany,Belarus,4,0,Germany,FALSE,GER,BLR,2022,24/10/19,1586,1286
16/11/19,Croatia,Slovakia,3,1,Croatia,FALSE,CRO,SVK,2022,24/10/19,1631,1493
16/11/19,Azerbaijan,Wales,0,2,Azerbaijan,FALSE,AZE,WAL,2022,24/10/19,1189,1524
16/11/19,Israel,Poland,1,2,Israel,FALSE,ISR,POL,2022,24/10/19,1278,1544
16/11/19,Russia,Belgium,1,4,Russia,FALSE,RUS,BEL,2022,24/10/19,1474,1755
17/11/19,Rwanda,Cameroon,0,1,Rwanda,FALSE,RWA,CMR,2022,24/10/19,1106,1409
17/11/19,Eswatini,Senegal,1,4,Eswatini,FALSE,SWZ,SEN,2022,24/10/19,1055,1546
17/11/19,Kosovo,England,0,4,Kosovo,FALSE,KOS,ENG,2022,24/10/19,1184,1651
17/11/19,Luxembourg,Portugal,0,2,Luxembourg,FALSE,LUX,POR,2022,24/10/19,1248,1632
17/11/19,Serbia,Ukraine,2,2,Serbia,FALSE,SRB,UKR,2022,24/10/19,1485,1536
17/11/19,Albania,France,0,2,Albania,FALSE,ALB,FRA,2022,24/10/19,1367,1726
18/11/19,S__o Tom__ and Pr__ncipe,Ghana,0,1,S__o Tom__ and Pr__ncipe,FALSE,STP,GHA,2022,24/10/19,934,1426
18/11/19,Republic of Ireland,Denmark,1,1,Republic of Ireland,FALSE,IRL,DEN,2022,24/10/19,1480,1599
18/11/19,Gibraltar,Switzerland,1,6,Gibraltar,FALSE,GIB,SUI,2022,24/10/19,882,1601
18/11/19,Spain,Romania,5,0,Spain,FALSE,ESP,ROU,2022,24/10/19,1625,1495
18/11/19,Argentina,Uruguay,2,2,Israel,TRUE,ARG,URU,2022,24/10/19,1617,1642
19/11/19,Burundi,Morocco,0,3,Burundi,FALSE,BDI,MAR,2022,24/10/19,1063,1457
19/11/19,Equatorial Guinea,Tunisia,0,1,Equatorial Guinea,FALSE,EQG,TUN,2022,24/10/19,1083,1495
19/11/19,Germany,Northern Ireland,6,1,Germany,FALSE,GER,NIR,2022,24/10/19,1586,1483
19/11/19,Netherlands,Estonia,5,0,Netherlands,FALSE,NED,EST,2022,24/10/19,1602,1209
19/11/19,Wales,Hungary,2,0,Wales,FALSE,WAL,HUN,2022,24/10/19,1524,1429
19/11/19,Poland,Slovenia,3,2,Poland,FALSE,POL,SVN,2022,24/10/19,1544,1367
19/11/19,Belgium,Cyprus,6,1,Belgium,FALSE,BEL,CYP,2022,24/10/19,1755,1263
19/11/19,Brazil,South Korea,3,0,United Arab Emirates,TRUE,BRA,KOR,2022,24/10/19,1715,1466
19/11/19,Croatia,Georgia,2,1,Croatia,FALSE,CRO,GEO,2022,24/10/19,1631,1274
19/11/19,Ecuador,Colombia,0,1,United States,TRUE,ECU,COL,2022,24/10/19,1368,1615
19/11/19,Saudi Arabia,Paraguay,0,0,Saudi Arabia,FALSE,KSA,PAR,2022,24/10/19,1339,1458
19/11/19,Afghanistan,Qatar,0,1,Tajikistan,TRUE,AFG,QAT,2022,24/10/19,1054,1391
7/1/2020,Barbados,Canada,1,4,United States,TRUE,BRB,CAN,2022,19/12/19,1011,1331
10/1/2020,Barbados,Canada,1,4,United States,TRUE,BRB,CAN,2022,19/12/19,1011,1331
15/01/20,Canada,Iceland,0,1,United States,TRUE,CAN,ISL,2022,19/12/19,1331,1464
1/2/2020,United States,Costa Rica,1,0,United States,FALSE,USA,CRC,2022,19/12/19,1540,1442
3/9/2020,Germany,Spain,1,1,Germany,FALSE,GER,ESP,2022,16/07/20,1602,1636
3/9/2020,Ukraine,Switzerland,2,1,Ukraine,FALSE,UKR,SUI,2022,16/07/20,1537,1608
3/9/2020,Russia,Serbia,3,1,Russia,FALSE,RUS,SRB,2022,16/07/20,1470,1494
3/9/2020,Finland,Wales,0,1,Finland,FALSE,FIN,WAL,2022,16/07/20,1386,1540
4/9/2020,Netherlands,Poland,1,0,Netherlands,FALSE,NED,POL,2022,16/07/20,1604,1559
5/9/2020,Iceland,England,0,1,Iceland,FALSE,ISL,ENG,2022,16/07/20,1465,1661
5/9/2020,Denmark,Belgium,0,2,Denmark,FALSE,DEN,BEL,2022,16/07/20,1598,1765
5/9/2020,Portugal,Croatia,4,1,Portugal,FALSE,POR,CRO,2022,16/07/20,1639,1642
5/9/2020,Sweden,France,0,1,Sweden,FALSE,SWE,FRA,2022,16/07/20,1579,1733
6/9/2020,Spain,Ukraine,4,0,Spain,FALSE,ESP,UKR,2022,16/07/20,1636,1537
6/9/2020,Switzerland,Germany,1,1,Switzerland,FALSE,SUI,GER,2022,16/07/20,1608,1602
6/9/2020,Serbia,Turkey,0,0,Serbia,FALSE,SRB,TUR,2022,16/07/20,1494,1494
6/9/2020,Wales,Bulgaria,1,0,Wales,FALSE,WAL,BUL,2022,16/07/20,1540,1381
7/9/2020,Bosnia and Herzegovina,Poland,1,2,Bosnia and Herzegovina,FALSE,BIH,POL,2022,16/07/20,1430,1559
7/9/2020,Netherlands,Italy,0,1,Netherlands,FALSE,NED,ITA,2022,16/07/20,1604,1607
8/9/2020,Belgium,Iceland,5,1,Belgium,FALSE,BEL,ISL,2022,16/07/20,1765,1465
8/9/2020,Denmark,England,0,0,Denmark,FALSE,DEN,ENG,2022,16/07/20,1598,1661
8/9/2020,France,Croatia,4,2,France,FALSE,FRA,CRO,2022,16/07/20,1733,1642
8/9/2020,Sweden,Portugal,0,2,Sweden,FALSE,SWE,POR,2022,16/07/20,1579,1639
7/10/2020,Denmark,Faroe Islands,4,0,Denmark,FALSE,DEN,FRO,2022,17/09/20,1593,1191
7/10/2020,France,Ukraine,7,1,France,FALSE,FRA,UKR,2022,17/09/20,1744,1539
7/10/2020,Germany,Turkey,3,3,Germany,FALSE,GER,TUR,2022,17/09/20,1602,1485
7/10/2020,Netherlands,Mexico,0,1,Netherlands,FALSE,NED,MEX,2022,17/09/20,1603,1621
7/10/2020,Poland,Finland,5,1,Poland,FALSE,POL,FIN,2022,17/09/20,1558,1390
7/10/2020,Portugal,Spain,0,0,Portugal,FALSE,POR,ESP,2022,17/09/20,1653,1642
7/10/2020,Switzerland,Croatia,1,2,Switzerland,FALSE,SUI,CRO,2022,17/09/20,1600,1628
8/10/2020,Belgium,Ivory Coast,1,1,Belgium,FALSE,BEL,CIV,2022,17/09/20,1773,1378
8/10/2020,England,Wales,3,0,England,FALSE,ENG,WAL,2022,17/09/20,1664,1550
8/10/2020,Uzbekistan,Iran,1,2,Uzbekistan,FALSE,UZB,IRN,2022,17/09/20,1290,1489
8/10/2020,Uruguay,Chile,2,1,Uruguay,FALSE,URU,CHI,2022,17/09/20,1645,1579
8/10/2020,Argentina,Ecuador,1,0,Argentina,FALSE,ARG,ECU,2022,17/09/20,1623,1368
8/10/2020,Norway,Serbia,1,2,Norway,FALSE,NOR,SRB,2022,17/09/20,1452,1486
9/10/2020,Japan,Cameroon,0,0,Netherlands,TRUE,JPN,CMR,2022,17/09/20,1500,1413
9/10/2020,Mali,Ghana,3,0,Turkey,TRUE,MLI,GHA,2022,17/09/20,1389,1439
9/10/2020,Morocco,Senegal,3,1,Morocco,FALSE,MAR,SEN,2022,17/09/20,1456,1555
9/10/2020,Tunisia,Sudan,3,0,Tunisia,FALSE,TUN,SDN,2022,17/09/20,1506,1112
9/10/2020,Brazil,Bolivia,5,0,Brazil,FALSE,BRA,BOL,2022,17/09/20,1712,1324
10/10/2020,Spain,Switzerland,1,0,Spain,FALSE,ESP,SUI,2022,17/09/20,1642,1600
10/10/2020,Ukraine,Germany,1,2,Ukraine,FALSE,UKR,GER,2022,17/09/20,1539,1602
10/10/2020,Costa Rica,Panama,0,1,Costa Rica,FALSE,CRC,PAN,2022,17/09/20,1439,1305
11/10/2020,Bosnia and Herzegovina,Netherlands,0,0,Bosnia and Herzegovina,FALSE,BIH,NED,2022,17/09/20,1426,1603
11/10/2020,Poland,Italy,0,0,Poland,FALSE,POL,ITA,2022,17/09/20,1558,1612
11/10/2020,England,Belgium,2,1,England,FALSE,ENG,BEL,2022,17/09/20,1664,1773
11/10/2020,Iceland,Denmark,0,3,Iceland,FALSE,ISL,DEN,2022,17/09/20,1457,1593
11/10/2020,Croatia,Sweden,2,1,Croatia,FALSE,CRO,SWE,2022,17/09/20,1628,1567
11/10/2020,France,Portugal,0,0,France,FALSE,FRA,POR,2022,17/09/20,1744,1653
11/10/2020,Serbia,Hungary,0,1,Serbia,FALSE,SRB,HUN,2022,17/09/20,1486,1418
11/10/2020,Republic of Ireland,Wales,0,0,Republic of Ireland,FALSE,IRL,WAL,2022,17/09/20,1475,1550
12/10/2020,Ghana,Qatar,5,1,Turkey,TRUE,GHA,QAT,2022,17/09/20,1439,1396
13/10/20,Cameroon,South Sudan,0,0,Cameroon,FALSE,CMR,SSD,2022,17/09/20,1413,983
13/10/20,Germany,Switzerland,3,3,Germany,FALSE,GER,SUI,2022,17/09/20,1602,1600
13/10/20,Ukraine,Spain,1,0,Ukraine,FALSE,UKR,ESP,2022,17/09/20,1539,1642
13/10/20,Costa Rica,Panama,0,1,Costa Rica,FALSE,CRC,PAN,2022,17/09/20,1439,1305
13/10/20,Japan,Ivory Coast,1,0,Netherlands,TRUE,JPN,CIV,2022,17/09/20,1500,1378
13/10/20,Mexico,Algeria,2,2,Netherlands,TRUE,MEX,ALG,2022,17/09/20,1621,1482
13/10/20,Morocco,DR Congo,1,1,Morocco,FALSE,MAR,COD,2022,17/09/20,1456,1389
13/10/20,Nigeria,Tunisia,1,1,Austria,TRUE,NGA,TUN,2022,17/09/20,1493,1506
13/10/20,Bolivia,Argentina,1,2,Bolivia,FALSE,BOL,ARG,2022,17/09/20,1324,1623
13/10/20,Ecuador,Uruguay,4,2,Ecuador,FALSE,ECU,URU,2022,17/09/20,1368,1645
13/10/20,Peru,Brazil,2,4,Peru,FALSE,PER,BRA,2022,17/09/20,1544,1712
14/10/20,Italy,Netherlands,1,1,Italy,FALSE,ITA,NED,2022,17/09/20,1612,1603
14/10/20,Poland,Bosnia and Herzegovina,3,0,Poland,FALSE,POL,BIH,2022,17/09/20,1558,1426
14/10/20,Iceland,Belgium,1,2,Iceland,FALSE,ISL,BEL,2022,17/09/20,1457,1773
14/10/20,England,Denmark,0,1,England,FALSE,ENG,DEN,2022,17/09/20,1664,1593
14/10/20,Portugal,Sweden,3,0,Portugal,FALSE,POR,SWE,2022,17/09/20,1653,1567
14/10/20,Croatia,France,1,2,Croatia,FALSE,CRO,FRA,2022,17/09/20,1628,1744
14/10/20,Turkey,Serbia,2,2,Turkey,FALSE,TUR,SRB,2022,17/09/20,1485,1486
14/10/20,Bulgaria,Wales,0,1,Bulgaria,FALSE,BUL,WAL,2022,17/09/20,1378,1550
11/11/2020,Belgium,Switzerland,2,1,Belgium,FALSE,BEL,SUI,2022,22/10/20,1765,1589
11/11/2020,Denmark,Sweden,2,0,Denmark,FALSE,DEN,SWE,2022,22/10/20,1610,1558
11/11/2020,France,Finland,0,2,France,FALSE,FRA,FIN,2022,22/10/20,1752,1402
11/11/2020,Germany,Czech Republic,1,0,Germany,FALSE,GER,CZE,2022,22/10/20,1607,1446
11/11/2020,Netherlands,Spain,1,1,Netherlands,FALSE,NED,ESP,2022,22/10/20,1596,1639
11/11/2020,Poland,Ukraine,2,0,Poland,FALSE,POL,UKR,2022,22/10/20,1568,1539
11/11/2020,Portugal,Andorra,7,0,Portugal,FALSE,POR,AND,2022,22/10/20,1661,1065
11/11/2020,Turkey,Croatia,3,3,Turkey,FALSE,TUR,CRO,2022,22/10/20,1486,1634
12/11/2020,Serbia,Scotland,1,1,Serbia,FALSE,SRB,SCO,2022,22/10/20,1489,1446
12/11/2020,Bosnia and Herzegovina,Iran,0,2,Bosnia and Herzegovina,FALSE,BIH,IRN,2022,22/10/20,1424,1492
12/11/2020,England,Republic of Ireland,3,0,England,FALSE,ENG,IRL,2022,22/10/20,1669,1467
12/11/2020,Wales,United States,0,0,Wales,FALSE,WAL,USA,2022,22/10/20,1550,1542
12/11/2020,Bolivia,Ecuador,2,3,Bolivia,FALSE,BOL,ECU,2022,22/10/20,1314,1380
12/11/2020,Argentina,Paraguay,1,1,Argentina,FALSE,ARG,PAR,2022,22/10/20,1636,1476
13/11/20,Costa Rica,Qatar,1,1,Austria,TRUE,CRC,QAT,2022,22/10/20,1427,1391
13/11/20,Japan,Panama,1,0,Austria,TRUE,JPN,PAN,2022,22/10/20,1503,1317
13/11/20,Colombia,Uruguay,0,3,Colombia,FALSE,COL,URU,2022,22/10/20,1631,1637
13/11/20,Brazil,Venezuela,1,0,Brazil,FALSE,BRA,VEN,2022,22/10/20,1725,1493
14/11/20,Portugal,France,0,1,Portugal,FALSE,POR,FRA,2022,22/10/20,1661,1752
14/11/20,Sweden,Croatia,2,1,Sweden,FALSE,SWE,CRO,2022,22/10/20,1558,1634
14/11/20,Germany,Ukraine,3,1,Germany,FALSE,GER,UKR,2022,22/10/20,1607,1539
14/11/20,Switzerland,Spain,1,1,Switzerland,FALSE,SUI,ESP,2022,22/10/20,1589,1639
14/11/20,Mexico,South Korea,3,2,Austria,TRUE,MEX,KOR,2022,22/10/20,1625,1464
14/11/20,Saudi Arabia,Jamaica,3,0,Saudi Arabia,FALSE,KSA,JAM,2022,22/10/20,1351,1438
15/11/20,Netherlands,Bosnia and Herzegovina,3,1,Netherlands,FALSE,NED,BIH,2022,22/10/20,1596,1424
15/11/20,Italy,Poland,2,0,Italy,FALSE,ITA,POL,2022,22/10/20,1612,1568
15/11/20,Belgium,England,2,0,Belgium,FALSE,BEL,ENG,2022,22/10/20,1765,1669
15/11/20,Denmark,Iceland,2,1,Denmark,FALSE,DEN,ISL,2022,22/10/20,1610,1461
15/11/20,Hungary,Serbia,1,1,Hungary,FALSE,HUN,SRB,2022,22/10/20,1439,1489
15/11/20,Wales,Republic of Ireland,1,0,Wales,FALSE,WAL,IRL,2022,22/10/20,1550,1467
16/11/20,United States,Panama,6,2,Austria,TRUE,USA,PAN,2022,22/10/20,1542,1317
17/11/20,Croatia,Portugal,2,3,Croatia,FALSE,CRO,POR,2022,22/10/20,1634,1661
17/11/20,France,Sweden,4,2,France,FALSE,FRA,SWE,2022,22/10/20,1752,1558
17/11/20,Spain,Germany,6,0,Spain,FALSE,ESP,GER,2022,22/10/20,1639,1607
17/11/20,Switzerland,Ukraine,3,0,Switzerland,FALSE,SUI,UKR,2022,22/10/20,1589,1539
17/11/20,Japan,Mexico,0,2,Austria,TRUE,JPN,MEX,2022,22/10/20,1503,1625
17/11/20,South Korea,Qatar,2,1,Austria,TRUE,KOR,QAT,2022,22/10/20,1464,1391
17/11/20,Saudi Arabia,Jamaica,1,2,Saudi Arabia,FALSE,KSA,JAM,2022,22/10/20,1351,1438
17/11/20,Ecuador,Colombia,6,1,Ecuador,FALSE,ECU,COL,2022,22/10/20,1380,1631
17/11/20,Peru,Argentina,0,2,Peru,FALSE,PER,ARG,2022,22/10/20,1533,1636
17/11/20,Uruguay,Brazil,0,2,Uruguay,FALSE,URU,BRA,2022,22/10/20,1637,1725
18/11/20,Poland,Netherlands,1,2,Poland,FALSE,POL,NED,2022,22/10/20,1568,1596
18/11/20,England,Iceland,4,0,England,FALSE,ENG,ISL,2022,22/10/20,1669,1461
18/11/20,Belgium,Denmark,4,2,Belgium,FALSE,BEL,DEN,2022,22/10/20,1765,1610
18/11/20,Serbia,Russia,5,0,Serbia,FALSE,SRB,RUS,2022,22/10/20,1489,1480
18/11/20,Wales,Finland,3,1,Wales,FALSE,WAL,FIN,2022,22/10/20,1550,1402
4/12/2020,Qatar,Bangladesh,5,0,Qatar,FALSE,QAT,BAN,2022,26/11/20,1387,920
9/12/2020,United States,El Salvador,6,0,United States,FALSE,USA,SLV,2022,26/11/20,1545,1346
25/01/21,Dominican Republic,Serbia,0,0,Dominican Republic,FALSE,DOM,SRB,2022,10/12/2020,1019,1495
28/01/21,Panama,Serbia,0,0,Panama,FALSE,PAN,SRB,2022,10/12/2020,1311,1495
31/01/21,United States,Trinidad and Tobago,7,0,United States,FALSE,USA,TRI,2022,10/12/2020,1545,1201
24/03/21,Qatar,Luxembourg,1,0,Hungary,TRUE,QAT,LUX,2022,18/02/21,1391,1235
24/03/21,Portugal,Azerbaijan,1,0,Italy,TRUE,POR,AZE,2022,18/02/21,1662,1180
24/03/21,Serbia,Republic of Ireland,3,2,Serbia,FALSE,SRB,IRL,2022,18/02/21,1492,1456
24/03/21,France,Ukraine,1,1,France,FALSE,FRA,UKR,2022,18/02/21,1755,1521
24/03/21,Belgium,Wales,3,1,Belgium,FALSE,BEL,WAL,2022,18/02/21,1780,1562
24/03/21,Turkey,Netherlands,4,2,Turkey,FALSE,TUR,NED,2022,18/02/21,1487,1609
24/03/21,Slovenia,Croatia,1,0,Slovenia,FALSE,SVN,CRO,2022,18/02/21,1379,1617
25/03/21,Japan,South Korea,3,0,Japan,FALSE,JPN,KOR,2022,18/02/21,1502,1465
25/03/21,Saudi Arabia,Kuwait,1,0,Saudi Arabia,FALSE,KSA,KUW,2022,18/02/21,1353,1057
25/03/21,United States,Jamaica,4,1,Austria,TRUE,USA,JAM,2022,18/02/21,1548,1437
25/03/21,Canada,Bermuda,5,1,United States,TRUE,CAN,BER,2022,18/02/21,1332,983
25/03/21,Spain,Greece,1,1,Spain,FALSE,ESP,GRE,2022,18/02/21,1645,1413
25/03/21,Bulgaria,Switzerland,1,3,Bulgaria,FALSE,BUL,SUI,2022,18/02/21,1350,1593
25/03/21,Israel,Denmark,0,2,Israel,FALSE,ISR,DEN,2022,18/02/21,1279,1614
25/03/21,England,San Marino,5,0,England,FALSE,ENG,SMR,2022,18/02/21,1670,810
25/03/21,Hungary,Poland,3,3,Hungary,FALSE,HUN,POL,2022,18/02/21,1460,1559
25/03/21,Germany,Iceland,3,0,Germany,FALSE,GER,ISL,2022,18/02/21,1610,1438
25/03/21,South Africa,Ghana,1,1,South Africa,FALSE,RSA,GHA,2022,18/02/21,1341,1424
25/03/21,Libya,Tunisia,2,5,Libya,FALSE,LBY,TUN,2022,18/02/21,1177,1503
26/03/21,Mauritania,Morocco,0,0,Mauritania,FALSE,MTN,MAR,2022,18/02/21,1207,1481
26/03/21,Cape Verde,Cameroon,3,1,Cape Verde,FALSE,CPV,CMR,2022,18/02/21,1306,1427
26/03/21,Congo,Senegal,0,0,Congo,FALSE,CGO,SEN,2022,18/02/21,1265,1558
27/03/21,Bosnia and Herzegovina,Costa Rica,0,0,Bosnia and Herzegovina,FALSE,BIH,CRC,2022,18/02/21,1410,1427
27/03/21,Qatar,Azerbaijan,2,1,Hungary,TRUE,QAT,AZE,2022,18/02/21,1391,1180
27/03/21,Wales,Mexico,1,0,Wales,FALSE,WAL,MEX,2022,18/02/21,1562,1632
27/03/21,Serbia,Portugal,2,2,Serbia,FALSE,SRB,POR,2022,18/02/21,1492,1662
27/03/21,Czech Republic,Belgium,1,1,Czech Republic,FALSE,CZE,BEL,2022,18/02/21,1456,1780
27/03/21,Netherlands,Latvia,2,0,Netherlands,FALSE,NED,LVA,2022,18/02/21,1609,1082
27/03/21,Croatia,Cyprus,1,0,Croatia,FALSE,CRO,CYP,2022,18/02/21,1617,1224
28/03/21,Northern Ireland,United States,1,2,Northern Ireland,FALSE,NIR,USA,2022,18/02/21,1440,1548
28/03/21,Georgia,Spain,1,2,Georgia,FALSE,GEO,ESP,2022,18/02/21,1267,1645
28/03/21,Switzerland,Lithuania,1,0,Switzerland,FALSE,SUI,LTU,2022,18/02/21,1593,1114
28/03/21,Kazakhstan,France,0,2,Kazakhstan,FALSE,KAZ,FRA,2022,18/02/21,1142,1755
28/03/21,Denmark,Moldova,8,0,Denmark,FALSE,DEN,MDA,2022,18/02/21,1614,950
28/03/21,Albania,England,0,2,Albania,FALSE,ALB,ENG,2022,18/02/21,1360,1670
28/03/21,Poland,Andorra,3,0,Poland,FALSE,POL,AND,2022,18/02/21,1559,1048
28/03/21,Romania,Germany,0,1,Romania,FALSE,ROU,GER,2022,18/02/21,1466,1610
28/03/21,Ghana,S__o Tom__ and Pr__ncipe,3,1,Ghana,FALSE,GHA,STP,2022,18/02/21,1424,914
28/03/21,Tunisia,Equatorial Guinea,2,1,Tunisia,FALSE,TUN,EQG,2022,18/02/21,1503,1097
29/03/21,Ecuador,Bolivia,2,1,Ecuador,FALSE,ECU,BOL,2022,18/02/21,1409,1307
29/03/21,Cayman Islands,Canada,0,11,United States,TRUE,CAY,CAN,2022,18/02/21,897,1332
30/03/21,Costa Rica,Mexico,0,1,Austria,TRUE,CRC,MEX,2022,18/02/21,1427,1632
30/03/21,Iran,Syria,3,0,Iran,FALSE,IRN,SYR,2022,18/02/21,1496,1313
30/03/21,Republic of Ireland,Qatar,1,1,Hungary,TRUE,IRL,QAT,2022,18/02/21,1456,1391
30/03/21,Azerbaijan,Serbia,1,2,Azerbaijan,FALSE,AZE,SRB,2022,18/02/21,1180,1492
30/03/21,Luxembourg,Portugal,1,3,Luxembourg,FALSE,LUX,POR,2022,18/02/21,1235,1662
30/03/21,Wales,Czech Republic,1,0,Wales,FALSE,WAL,CZE,2022,18/02/21,1562,1456
30/03/21,Belgium,Belarus,8,0,Belgium,FALSE,BEL,BLR,2022,18/02/21,1780,1269
30/03/21,Gibraltar,Netherlands,0,7,Gibraltar,FALSE,GIB,NED,2022,18/02/21,888,1609
30/03/21,Croatia,Malta,3,0,Croatia,FALSE,CRO,MLT,2022,18/02/21,1617,951
30/03/21,Saudi Arabia,Palestine,5,0,Saudi Arabia,FALSE,KSA,PLE,2022,18/02/21,1353,1206
30/03/21,Japan,Mongolia,14,0,Japan,FALSE,JPN,MNG,2022,18/02/21,1502,906
30/03/21,Morocco,Burundi,1,0,Morocco,FALSE,MAR,BDI,2022,18/02/21,1481,1078
30/03/21,Cameroon,Rwanda,0,0,Cameroon,FALSE,CMR,RWA,2022,18/02/21,1427,1103
30/03/21,Senegal,Eswatini,1,1,Senegal,FALSE,SEN,SWZ,2022,18/02/21,1558,1040
31/03/21,Switzerland,Finland,3,2,Switzerland,FALSE,SUI,FIN,2022,18/02/21,1593,1411
31/03/21,Spain,Kosovo,3,1,Spain,FALSE,ESP,KOS,2022,18/02/21,1645,1155
31/03/21,Bosnia and Herzegovina,France,0,1,Bosnia and Herzegovina,FALSE,BIH,FRA,2022,18/02/21,1410,1755
31/03/21,Austria,Denmark,0,4,Austria,FALSE,AUT,DEN,2022,18/02/21,1531,1614
31/03/21,England,Poland,2,1,England,FALSE,ENG,POL,2022,18/02/21,1670,1559
31/03/21,Germany,North Macedonia,1,2,Germany,FALSE,GER,MKD,2022,18/02/21,1610,1362
29/05/21,Mexico,Iceland,2,1,United States,TRUE,MEX,ISL,2022,27/05/21,1629.56,1415.99
30/05/21,Switzerland,United States,2,1,Switzerland,FALSE,SUI,USA,2022,27/05/21,1606.21,1555.42
1/6/2021,Croatia,Armenia,1,1,Croatia,FALSE,CRO,ARM,2022,27/05/21,1605.75,1273.28
1/6/2021,Poland,Russia,1,1,Poland,FALSE,POL,RUS,2022,27/05/21,1549.87,1462.65
2/6/2021,England,Austria,1,0,England,FALSE,ENG,AUT,2022,27/05/21,1686.78,1523.42
2/6/2021,France,Wales,3,0,France,FALSE,FRA,WAL,2022,27/05/21,1757.3,1570.36
2/6/2021,Germany,Denmark,1,1,Austria,TRUE,GER,DEN,2022,27/05/21,1609.12,1631.55
2/6/2021,Netherlands,Scotland,2,2,Portugal,TRUE,NED,SCO,2022,27/05/21,1598.04,1441.43
3/6/2021,Belgium,Greece,1,1,Belgium,FALSE,BEL,GRE,2022,27/05/21,1783.38,1418.7
3/6/2021,Switzerland,Liechtenstein,7,0,Switzerland,FALSE,SUI,LIE,2022,27/05/21,1606.21,911.05
3/6/2021,Iran,Hong Kong,3,1,Iran,FALSE,IRN,HKG,2022,27/05/21,1499.52,1072
3/6/2021,Uruguay,Paraguay,0,0,Uruguay,FALSE,URU,PAR,2022,27/05/21,1639.08,1476.02
3/6/2021,Argentina,Chile,1,1,Argentina,FALSE,ARG,CHI,2022,27/05/21,1641.95,1569.52
3/6/2021,Kuwait,Australia,0,3,Kuwait,FALSE,KUW,AUS,2022,27/05/21,1056.3,1457.49
3/6/2021,Qatar,India,1,0,Qatar,FALSE,QAT,IND,2022,27/05/21,1397.92,1184.36
4/6/2021,Nigeria,Cameroon,0,1,Austria,TRUE,NGA,CMR,2022,27/05/21,1487.16,1404.87
4/6/2021,Spain,Portugal,0,0,Spain,FALSE,ESP,POR,2022,27/05/21,1648.13,1666.12
4/6/2021,Brazil,Ecuador,2,0,Brazil,FALSE,BRA,ECU,2022,27/05/21,1742.65,1413.01
5/6/2021,Senegal,Zambia,3,1,Senegal,FALSE,SEN,ZAM,2022,27/05/21,1542.45,1280.15
5/6/2021,Tunisia,DR Congo,1,0,Tunisia,FALSE,TUN,COD,2022,27/05/21,1512.88,1376.65
5/6/2021,Wales,Albania,0,0,Wales,FALSE,WAL,ALB,2022,27/05/21,1570.36,1362.09
5/6/2021,Saudi Arabia,Yemen,3,0,Saudi Arabia,FALSE,KSA,YEM,2022,27/05/21,1364.39,1070.54
5/6/2021,South Korea,Turkmenistan,5,0,South Korea,FALSE,KOR,TKM,2022,27/05/21,1460.25,1106.51
5/6/2021,Aruba,Canada,0,7,United States,TRUE,ARU,CAN,2022,27/05/21,850.1,1340.56
6/6/2021,Belgium,Croatia,1,0,Belgium,FALSE,BEL,CRO,2022,27/05/21,1783.38,1605.75
6/6/2021,Denmark,Bosnia and Herzegovina,2,0,Denmark,FALSE,DEN,BIH,2022,27/05/21,1631.55,1404.87
6/6/2021,England,Romania,1,0,England,FALSE,ENG,ROU,2022,27/05/21,1686.78,1449.23
6/6/2021,Netherlands,Georgia,3,0,Netherlands,FALSE,NED,GEO,2022,27/05/21,1598.04,1259.51
7/6/2021,Germany,Latvia,7,1,Germany,FALSE,GER,LVA,2022,27/05/21,1609.12,1081.66
7/6/2021,Serbia,Jamaica,1,1,Japan,TRUE,SRB,JAM,2022,27/05/21,1512.9,1432.65
7/6/2021,Australia,Taiwan,5,1,Kuwait,TRUE,AUS,TPE,2022,27/05/21,1457.49,1078.48
7/6/2021,Japan,Tajikistan,4,1,Japan,FALSE,JPN,TJK,2022,27/05/21,1509.34,1151.1
7/6/2021,Bahrain,Iran,0,3,Bahrain,FALSE,BHR,IRN,2022,27/05/21,1240.1,1499.52
7/6/2021,Qatar,Oman,1,0,Qatar,FALSE,QAT,OMA,2022,27/05/21,1397.92,1301.51
8/6/2021,Cameroon,Nigeria,0,0,Austria,TRUE,CMR,NGA,2022,27/05/21,1404.87,1487.16
8/6/2021,France,Bulgaria,3,0,France,FALSE,FRA,BUL,2022,27/05/21,1757.3,1339.03
8/6/2021,Morocco,Ghana,1,0,Morocco,FALSE,MAR,GHA,2022,27/05/21,1479.32,1425.26
8/6/2021,Poland,Iceland,2,2,Poland,FALSE,POL,ISL,2022,27/05/21,1549.87,1415.99
8/6/2021,Senegal,Cape Verde,2,0,Senegal,FALSE,SEN,CPV,2022,27/05/21,1542.45,1330.16
8/6/2021,Spain,Lithuania,4,0,Spain,FALSE,ESP,LTU,2022,27/05/21,1648.13,1102.84
8/6/2021,Canada,Suriname,4,0,United States,TRUE,CAN,SUR,2022,27/05/21,1340.56,1089.43
8/6/2021,Ecuador,Peru,1,2,Ecuador,FALSE,ECU,PER,2022,27/05/21,1413.01,1511.88
8/6/2021,Colombia,Argentina,2,2,Colombia,FALSE,COL,ARG,2022,27/05/21,1600.66,1641.95
8/6/2021,Venezuela,Uruguay,0,0,Venezuela,FALSE,VEN,URU,2022,27/05/21,1500.71,1639.08
8/6/2021,Paraguay,Brazil,0,2,Paraguay,FALSE,PAR,BRA,2022,27/05/21,1476.02,1742.65
9/6/2021,Portugal,Israel,4,0,Portugal,FALSE,POR,ISR,2022,27/05/21,1666.12,1283.36
9/6/2021,United States,Costa Rica,4,0,United States,FALSE,USA,CRC,2022,27/05/21,1555.42,1423.4
9/6/2021,South Korea,Sri Lanka,5,0,South Korea,FALSE,KOR,SRI,2022,27/05/21,1460.25,853.07
11/6/2021,Nepal,Australia,0,3,Kuwait,TRUE,NEP,AUS,2022,27/05/21,967.88,1457.49
11/6/2021,Cambodia,Iran,0,10,Bahrain,TRUE,CAM,IRN,2022,27/05/21,963.79,1499.52
11/6/2021,Tunisia,Algeria,0,2,Tunisia,FALSE,TUN,ALG,2022,27/05/21,1512.88,1486.69
11/6/2021,Saudi Arabia,Singapore,3,0,Saudi Arabia,FALSE,KSA,SGP,2022,27/05/21,1364.39,1020.27
12/6/2021,Haiti,Canada,0,1,Haiti,FALSE,HAI,CAN,2022,27/05/21,1290.62,1340.56
12/6/2021,Ghana,Ivory Coast,0,0,Ghana,FALSE,GHA,CIV,2022,27/05/21,1425.26,1397.77
12/6/2021,Mexico,Honduras,0,0,United States,TRUE,MEX,HON,2022,27/05/21,1629.56,1361.21
12/6/2021,Morocco,Burkina Faso,1,0,Morocco,FALSE,MAR,BFA,2022,27/05/21,1479.32,1392.9
12/6/2021,Wales,Switzerland,1,1,Wales,FALSE,WAL,SUI,2022,27/05/21,1570.36,1606.21
12/6/2021,Denmark,Finland,0,1,Denmark,FALSE,DEN,FIN,2022,27/05/21,1631.55,1410.82
12/6/2021,Russia,Belgium,0,3,Russia,FALSE,RUS,BEL,2022,27/05/21,1462.65,1783.38
13/06/21,South Korea,Lebanon,2,1,South Korea,FALSE,KOR,LBN,2022,27/05/21,1460.25,1256.08
13/06/21,Netherlands,Ukraine,3,2,Netherlands,FALSE,NED,UKR,2022,27/05/21,1598.04,1514.64
13/06/21,England,Croatia,1,0,England,FALSE,ENG,CRO,2022,27/05/21,1686.78,1605.75
13/06/21,Brazil,Venezuela,3,0,Brazil,FALSE,BRA,VEN,2022,27/05/21,1742.65,1500.71
13/06/21,Colombia,Ecuador,1,0,Brazil,TRUE,COL,ECU,2022,27/05/21,1600.66,1413.01
14/06/21,Poland,Slovakia,1,2,Russia,TRUE,POL,SVK,2022,27/05/21,1549.87,1475.24
14/06/21,Spain,Sweden,0,0,Spain,FALSE,ESP,SWE,2022,27/05/21,1648.13,1569.81
14/06/21,Argentina,Chile,1,1,Brazil,TRUE,ARG,CHI,2022,27/05/21,1641.95,1569.52
15/06/21,Australia,Jordan,1,0,Kuwait,TRUE,AUS,JOR,2022,27/05/21,1457.49,1251.63
15/06/21,Iran,Iraq,1,0,Iran,FALSE,IRN,IRQ,2022,27/05/21,1499.52,1352.82
15/06/21,Saudi Arabia,Uzbekistan,3,0,Saudi Arabia,FALSE,KSA,UZB,2022,27/05/21,1364.39,1280.99
15/06/21,Canada,Haiti,3,0,United States,TRUE,CAN,HAI,2022,27/05/21,1340.56,1290.62
15/06/21,Tunisia,Mali,1,0,Tunisia,FALSE,TUN,MLI,2022,27/05/21,1512.88,1400.94
15/06/21,Hungary,Portugal,0,3,Hungary,FALSE,HUN,POR,2022,27/05/21,1468.75,1666.12
15/06/21,Germany,France,0,1,Germany,FALSE,GER,FRA,2022,27/05/21,1609.12,1757.3
16/06/21,Turkey,Wales,0,2,Azerbaijan,TRUE,TUR,WAL,2022,27/05/21,1505.05,1570.36
16/06/21,Italy,Switzerland,3,0,Italy,FALSE,ITA,SUI,2022,27/05/21,1642.06,1606.21
17/06/21,Denmark,Belgium,1,2,Denmark,FALSE,DEN,BEL,2022,27/05/21,1631.55,1783.38
17/06/21,Netherlands,Austria,2,0,Netherlands,FALSE,NED,AUT,2022,27/05/21,1598.04,1523.42
17/06/21,Brazil,Peru,4,0,Brazil,FALSE,BRA,PER,2022,27/05/21,1742.65,1511.88
18/06/21,Croatia,Czech Republic,1,1,Scotland,TRUE,CRO,CZE,2022,27/05/21,1605.75,1458.81
18/06/21,England,Scotland,0,0,England,FALSE,ENG,SCO,2022,27/05/21,1686.78,1441.43
18/06/21,Argentina,Uruguay,1,0,Brazil,TRUE,ARG,URU,2022,27/05/21,1641.95,1639.08
19/06/21,Spain,Poland,1,1,Spain,FALSE,ESP,POL,2022,27/05/21,1648.13,1549.87
19/06/21,Hungary,France,1,1,Hungary,FALSE,HUN,FRA,2022,27/05/21,1468.75,1757.3
19/06/21,Germany,Portugal,4,2,Germany,FALSE,GER,POR,2022,27/05/21,1609.12,1666.12
20/06/21,Italy,Wales,1,0,Italy,FALSE,ITA,WAL,2022,27/05/21,1642.06,1570.36
20/06/21,Switzerland,Turkey,3,1,Azerbaijan,TRUE,SUI,TUR,2022,27/05/21,1606.21,1505.05
20/06/21,Venezuela,Ecuador,2,2,Brazil,TRUE,VEN,ECU,2022,27/05/21,1500.71,1413.01
21/06/21,Denmark,Russia,4,1,Denmark,FALSE,DEN,RUS,2022,27/05/21,1631.55,1462.65
21/06/21,Finland,Belgium,0,2,Russia,TRUE,FIN,BEL,2022,27/05/21,1410.82,1783.38
21/06/21,Netherlands,North Macedonia,3,0,Netherlands,FALSE,NED,MKD,2022,27/05/21,1598.04,1374.73
21/06/21,Uruguay,Chile,1,1,Brazil,TRUE,URU,CHI,2022,27/05/21,1639.08,1569.52
21/06/21,Argentina,Paraguay,1,0,Brazil,TRUE,ARG,PAR,2022,27/05/21,1641.95,1476.02
22/06/21,Scotland,Croatia,1,3,Scotland,FALSE,SCO,CRO,2022,27/05/21,1441.43,1605.75
22/06/21,England,Czech Republic,1,0,England,FALSE,ENG,CZE,2022,27/05/21,1686.78,1458.81
23/06/21,Spain,Slovakia,5,0,Spain,FALSE,ESP,SVK,2022,27/05/21,1648.13,1475.24
23/06/21,Sweden,Poland,3,2,Russia,TRUE,SWE,POL,2022,27/05/21,1569.81,1549.87
23/06/21,Germany,Hungary,2,2,Germany,FALSE,GER,HUN,2022,27/05/21,1609.12,1468.75
23/06/21,Portugal,France,2,2,Hungary,TRUE,POR,FRA,2022,27/05/21,1666.12,1757.3
23/06/21,Ecuador,Peru,2,2,Brazil,TRUE,ECU,PER,2022,27/05/21,1413.01,1511.88
23/06/21,Brazil,Colombia,2,1,Brazil,FALSE,BRA,COL,2022,27/05/21,1742.65,1600.66
24/06/21,Bolivia,Uruguay,0,2,Brazil,TRUE,BOL,URU,2022,27/05/21,1300.11,1639.08
26/06/21,Wales,Denmark,0,4,Netherlands,TRUE,WAL,DEN,2022,27/05/21,1570.36,1631.55
27/06/21,Netherlands,Czech Republic,0,2,Hungary,TRUE,NED,CZE,2022,27/05/21,1598.04,1458.81
27/06/21,Belgium,Portugal,1,0,Spain,TRUE,BEL,POR,2022,27/05/21,1783.38,1666.12
27/06/21,Brazil,Ecuador,1,1,Brazil,FALSE,BRA,ECU,2022,27/05/21,1742.65,1413.01
28/06/21,Croatia,Spain,3,5,Denmark,TRUE,CRO,ESP,2022,27/05/21,1605.75,1648.13
28/06/21,France,Switzerland,3,3,Romania,TRUE,FRA,SUI,2022,27/05/21,1757.3,1606.21
28/06/21,Argentina,Bolivia,4,1,Brazil,TRUE,ARG,BOL,2022,27/05/21,1641.95,1300.11
28/06/21,Uruguay,Paraguay,1,0,Brazil,TRUE,URU,PAR,2022,27/05/21,1639.08,1476.02
29/06/21,England,Germany,2,0,England,FALSE,ENG,GER,2022,27/05/21,1686.78,1609.12
30/06/21,Mexico,Panama,3,0,United States,TRUE,MEX,PAN,2022,27/05/21,1629.56,1321.97
2/7/2021,Switzerland,Spain,1,1,Russia,TRUE,SUI,ESP,2022,27/05/21,1606.21,1648.13
2/7/2021,Belgium,Italy,1,2,Germany,TRUE,BEL,ITA,2022,27/05/21,1783.38,1642.06
2/7/2021,Brazil,Chile,1,0,Brazil,FALSE,BRA,CHI,2022,27/05/21,1742.65,1569.52
3/7/2021,Czech Republic,Denmark,1,2,Azerbaijan,TRUE,CZE,DEN,2022,27/05/21,1458.81,1631.55
3/7/2021,Ukraine,England,0,4,Italy,TRUE,UKR,ENG,2022,27/05/21,1514.64,1686.78
3/7/2021,Mexico,Nigeria,4,0,United States,TRUE,MEX,NGA,2022,27/05/21,1629.56,1487.16
3/7/2021,Uruguay,Colombia,0,0,Brazil,TRUE,URU,COL,2022,27/05/21,1639.08,1600.66
3/7/2021,Argentina,Ecuador,3,0,Brazil,TRUE,ARG,ECU,2022,27/05/21,1641.95,1413.01
4/7/2021,Qatar,El Salvador,1,0,Croatia,TRUE,QAT,SLV,2022,27/05/21,1397.92,1341.24
5/7/2021,Brazil,Peru,1,0,Brazil,FALSE,BRA,PER,2022,27/05/21,1742.65,1511.88
6/7/2021,Argentina,Colombia,1,1,Brazil,TRUE,ARG,COL,2022,27/05/21,1641.95,1600.66
6/7/2021,Italy,Spain,1,1,England,TRUE,ITA,ESP,2022,27/05/21,1642.06,1648.13
7/7/2021,England,Denmark,2,1,England,FALSE,ENG,DEN,2022,27/05/21,1686.78,1631.55
10/7/2021,Brazil,Argentina,0,1,Brazil,FALSE,BRA,ARG,2022,27/05/21,1742.65,1641.95
11/7/2021,England,Italy,1,1,England,FALSE,ENG,ITA,2022,27/05/21,1686.78,1642.06
21/08/21,El Salvador,Costa Rica,0,0,United States,TRUE,SLV,CRC,2022,12/8/2021,1375.43,1449.79
1/9/2021,Finland,Wales,0,0,Finland,FALSE,FIN,WAL,2022,12/8/2021,1403.92,1567.29
1/9/2021,Qatar,Serbia,0,4,Hungary,TRUE,QAT,SRB,2022,12/8/2021,1455.23,1507.19
1/9/2021,Switzerland,Greece,2,1,Switzerland,FALSE,SUI,GRE,2022,12/8/2021,1621.37,1427.04
1/9/2021,Senegal,Togo,2,0,Senegal,FALSE,SEN,TOG,2022,12/8/2021,1545.38,1105.62
1/9/2021,Portugal,Republic of Ireland,2,1,Portugal,FALSE,POR,IRL,2022,12/8/2021,1661.51,1429.44
1/9/2021,France,Bosnia and Herzegovina,1,1,France,FALSE,FRA,BIH,2022,12/8/2021,1761.77,1401.57
1/9/2021,Denmark,Scotland,2,0,Denmark,FALSE,DEN,SCO,2022,12/8/2021,1642.28,1424.77
1/9/2021,Norway,Netherlands,1,1,Norway,FALSE,NOR,NED,2022,12/8/2021,1450.12,1637.48
1/9/2021,Russia,Croatia,0,0,Russia,FALSE,RUS,CRO,2022,12/8/2021,1462.24,1594.36
2/9/2021,Morocco,Sudan,2,0,Morocco,FALSE,MAR,SDN,2022,12/8/2021,1487.89,1147.87
2/9/2021,South Korea,Iraq,0,0,South Korea,FALSE,KOR,IRQ,2022,12/8/2021,1474.96,1354.51
2/9/2021,Iran,Syria,1,0,Iran,FALSE,IRN,SYR,2022,12/8/2021,1522.04,1302.75
2/9/2021,Japan,Oman,0,1,Japan,FALSE,JPN,OMA,2022,12/8/2021,1529.45,1305.01
2/9/2021,Australia,China PR,3,0,Qatar,TRUE,AUS,CHN,2022,12/8/2021,1477.21,1352.68
2/9/2021,Saudi Arabia,Vietnam,3,1,Saudi Arabia,FALSE,KSA,VIE,2022,12/8/2021,1386.03,1260.85
2/9/2021,Sweden,Spain,2,1,Sweden,FALSE,SWE,ESP,2022,12/8/2021,1606.79,1680.44
2/9/2021,Estonia,Belgium,2,5,Estonia,FALSE,EST,BEL,2022,12/8/2021,1170.89,1822.34
2/9/2021,Hungary,England,0,4,Hungary,FALSE,HUN,ENG,2022,12/8/2021,1474.36,1752.83
2/9/2021,Poland,Albania,4,1,Poland,FALSE,POL,ALB,2022,12/8/2021,1516.27,1359.83
2/9/2021,Liechtenstein,Germany,0,2,Switzerland,TRUE,LIE,GER,2022,12/8/2021,907.66,1613.29
2/9/2021,Ecuador,Paraguay,2,0,Ecuador,FALSE,ECU,PAR,2022,12/8/2021,1405.26,1483.49
2/9/2021,Peru,Uruguay,1,1,Peru,FALSE,PER,URU,2022,12/8/2021,1543.16,1634.63
2/9/2021,Venezuela,Argentina,1,3,Venezuela,FALSE,VEN,ARG,2022,12/8/2021,1463.3,1714.43
2/9/2021,Chile,Brazil,0,1,Chile,FALSE,CHI,BRA,2022,12/8/2021,1557.81,1797.67
2/9/2021,Canada,Honduras,1,1,Canada,FALSE,CAN,HON,2022,12/8/2021,1399.35,1377.79
2/9/2021,El Salvador,United States,0,0,El Salvador,FALSE,SLV,USA,2022,12/8/2021,1375.43,1647.75
2/9/2021,Panama,Costa Rica,0,0,Panama,FALSE,PAN,CRC,2022,12/8/2021,1334.85,1449.79
2/9/2021,Mexico,Jamaica,2,1,Mexico,FALSE,MEX,JAM,2022,12/8/2021,1658.29,1423.06
3/9/2021,Tunisia,Equatorial Guinea,3,0,Tunisia,FALSE,TUN,EQG,2022,12/8/2021,1515.3,1105.2
3/9/2021,Cameroon,Malawi,2,0,Cameroon,FALSE,CMR,MWI,2022,12/8/2021,1410.65,1153.5
3/9/2021,Ghana,Ethiopia,1,0,Ghana,FALSE,GHA,ETH,2022,12/8/2021,1420.61,1079.41
4/9/2021,Qatar,Portugal,1,3,Hungary,TRUE,QAT,POR,2022,12/8/2021,1455.23,1661.51
4/9/2021,Serbia,Luxembourg,4,1,Serbia,FALSE,SRB,LUX,2022,12/8/2021,1507.19,1238.59
4/9/2021,Ukraine,France,1,1,Ukraine,FALSE,UKR,FRA,2022,12/8/2021,1522.7,1761.77
4/9/2021,Faroe Islands,Denmark,0,1,Faroe Islands,FALSE,FRO,DEN,2022,12/8/2021,1165.43,1642.28
4/9/2021,Netherlands,Montenegro,4,0,Netherlands,FALSE,NED,MNE,2022,12/8/2021,1637.48,1363.03
4/9/2021,Slovakia,Croatia,0,1,Slovakia,FALSE,SVK,CRO,2022,12/8/2021,1467.4,1594.36
5/9/2021,Spain,Georgia,4,0,Spain,FALSE,ESP,GEO,2022,12/8/2021,1680.44,1264.06
5/9/2021,Switzerland,Italy,0,0,Switzerland,FALSE,SUI,ITA,2022,12/8/2021,1621.37,1744.67
5/9/2021,Belarus,Wales,2,3,Russia,TRUE,BLR,WAL,2022,12/8/2021,1270.75,1567.29
5/9/2021,Belgium,Czech Republic,3,0,Belgium,FALSE,BEL,CZE,2022,12/8/2021,1822.34,1492.65
5/9/2021,England,Andorra,4,0,England,FALSE,ENG,AND,2022,12/8/2021,1752.83,1031.64
5/9/2021,San Marino,Poland,1,7,San Marino,FALSE,SMR,POL,2022,12/8/2021,802.43,1516.27
5/9/2021,Germany,Armenia,6,0,Germany,FALSE,GER,ARM,2022,12/8/2021,1613.29,1273.67
5/9/2021,Ecuador,Chile,0,0,Ecuador,FALSE,ECU,CHI,2022,12/8/2021,1405.26,1557.81
5/9/2021,Uruguay,Bolivia,4,2,Uruguay,FALSE,URU,BOL,2022,12/8/2021,1634.63,1285.94
5/9/2021,Costa Rica,Mexico,0,1,Costa Rica,FALSE,CRC,MEX,2022,12/8/2021,1449.79,1658.29
5/9/2021,United States,Canada,1,1,United States,FALSE,USA,CAN,2022,12/8/2021,1647.75,1399.35
6/9/2021,Ivory Coast,Cameroon,2,1,Ivory Coast,FALSE,CIV,CMR,2022,12/8/2021,1402.9,1410.65
6/9/2021,South Africa,Ghana,1,0,South Africa,FALSE,RSA,GHA,2022,12/8/2021,1337.77,1420.61
7/9/2021,Luxembourg,Qatar,1,1,Luxembourg,FALSE,LUX,QAT,2022,12/8/2021,1238.59,1455.23
7/9/2021,Zambia,Tunisia,0,2,Zambia,FALSE,ZAM,TUN,2022,12/8/2021,1276.14,1515.3
7/9/2021,Congo,Senegal,1,3,Congo,FALSE,CGO,SEN,2022,12/8/2021,1255.88,1545.38
7/9/2021,South Korea,Lebanon,1,0,South Korea,FALSE,KOR,LBN,2022,12/8/2021,1474.96,1237.98
7/9/2021,Iraq,Iran,0,3,Qatar,TRUE,IRQ,IRN,2022,12/8/2021,1354.51,1522.04
7/9/2021,China PR,Japan,0,1,Qatar,TRUE,CHN,JPN,2022,12/8/2021,1352.68,1529.45
7/9/2021,Vietnam,Australia,0,1,Vietnam,FALSE,VIE,AUS,2022,12/8/2021,1260.85,1477.21
7/9/2021,Oman,Saudi Arabia,0,1,Oman,FALSE,OMA,KSA,2022,12/8/2021,1305.01,1386.03
7/9/2021,Republic of Ireland,Serbia,1,1,Republic of Ireland,FALSE,IRL,SRB,2022,12/8/2021,1429.44,1507.19
7/9/2021,Azerbaijan,Portugal,0,3,Azerbaijan,FALSE,AZE,POR,2022,12/8/2021,1166.44,1661.51
7/9/2021,France,Finland,2,0,France,FALSE,FRA,FIN,2022,12/8/2021,1761.77,1403.92
7/9/2021,Denmark,Israel,5,0,Denmark,FALSE,DEN,ISR,2022,12/8/2021,1642.28,1288.22
7/9/2021,Netherlands,Turkey,6,1,Netherlands,FALSE,NED,TUR,2022,12/8/2021,1637.48,1463.91
7/9/2021,Croatia,Slovenia,3,0,Croatia,FALSE,CRO,SVN,2022,12/8/2021,1594.36,1371.25
8/9/2021,Kosovo,Spain,0,2,Kosovo,FALSE,KOS,ESP,2022,12/8/2021,1159.02,1680.44
8/9/2021,Northern Ireland,Switzerland,0,0,Northern Ireland,FALSE,NIR,SUI,2022,12/8/2021,1422.29,1621.37
8/9/2021,Wales,Estonia,0,0,Wales,FALSE,WAL,EST,2022,12/8/2021,1567.29,1170.89
8/9/2021,Belarus,Belgium,0,1,Russia,TRUE,BLR,BEL,2022,12/8/2021,1270.75,1822.34
8/9/2021,Poland,England,1,1,Poland,FALSE,POL,ENG,2022,12/8/2021,1516.27,1752.83
8/9/2021,Iceland,Germany,0,4,Iceland,FALSE,ISL,GER,2022,12/8/2021,1418.48,1613.29
8/9/2021,Costa Rica,Jamaica,1,1,Costa Rica,FALSE,CRC,JAM,2022,12/8/2021,1449.79,1423.06
8/9/2021,Panama,Mexico,1,1,Panama,FALSE,PAN,MEX,2022,12/8/2021,1334.85,1658.29
8/9/2021,Canada,El Salvador,3,0,Canada,FALSE,CAN,SLV,2022,12/8/2021,1399.35,1375.43
8/9/2021,Honduras,United States,1,4,Honduras,FALSE,HON,USA,2022,12/8/2021,1377.79,1647.75
9/9/2021,Uruguay,Ecuador,1,0,Uruguay,FALSE,URU,ECU,2022,12/8/2021,1634.63,1405.26
9/9/2021,Argentina,Bolivia,3,0,Argentina,FALSE,ARG,BOL,2022,12/8/2021,1714.43,1285.94
9/9/2021,Brazil,Peru,2,0,Brazil,FALSE,BRA,PER,2022,12/8/2021,1797.67,1543.16
6/10/2021,Morocco,Guinea-Bissau,5,0,Morocco,FALSE,MAR,GNB,2022,16/09/21,1493.23,1186.61
6/10/2021,Italy,Spain,1,2,Italy,FALSE,ITA,ESP,2022,16/09/21,1735.73,1673.68
7/10/2021,South Korea,Syria,2,1,South Korea,FALSE,KOR,SYR,2022,16/09/21,1479.41,1296.75
7/10/2021,United Arab Emirates,Iran,0,1,United Arab Emirates,FALSE,UAE,IRN,2022,16/09/21,1357.84,1538.08
7/10/2021,Saudi Arabia,Japan,1,0,Saudi Arabia,FALSE,KSA,JPN,2022,16/09/21,1406.34,1520.46
7/10/2021,Australia,Oman,3,1,Qatar,TRUE,AUS,OMA,2022,16/09/21,1493.99,1311.82
7/10/2021,Honduras,Costa Rica,0,0,Honduras,FALSE,HON,CRC,2022,16/09/21,1371.61,1438.29
7/10/2021,United States,Jamaica,2,0,United States,FALSE,USA,JAM,2022,16/09/21,1643.1,1402.39
7/10/2021,Mexico,Canada,1,1,Mexico,FALSE,MEX,CAN,2022,16/09/21,1666.19,1416.23
7/10/2021,Tunisia,Mauritania,3,0,Tunisia,FALSE,TUN,MTN,2022,16/09/21,1526.87,1200.6
7/10/2021,Ecuador,Bolivia,3,0,Ecuador,FALSE,ECU,BOL,2022,16/09/21,1415.09,1283.65
7/10/2021,Venezuela,Brazil,1,3,Venezuela,FALSE,VEN,BRA,2022,16/09/21,1434.14,1811.73
7/10/2021,Paraguay,Argentina,0,0,Paraguay,FALSE,PAR,ARG,2022,16/09/21,1484.31,1725.31
7/10/2021,Uruguay,Colombia,0,0,Uruguay,FALSE,URU,COL,2022,16/09/21,1645.42,1618.4
7/10/2021,Belgium,France,2,3,Italy,TRUE,BEL,FRA,2022,16/09/21,1832.33,1754.31
8/10/2021,Czech Republic,Wales,2,2,Czech Republic,FALSE,CZE,WAL,2022,16/09/21,1494.78,1563.59
8/10/2021,Latvia,Netherlands,0,1,Latvia,FALSE,LVA,NED,2022,16/09/21,1092.45,1648.2
8/10/2021,Cyprus,Croatia,0,3,Cyprus,FALSE,CYP,CRO,2022,16/09/21,1202.65,1608.25
8/10/2021,Germany,Romania,2,1,Germany,FALSE,GER,ROU,2022,16/09/21,1627.8,1451.8
8/10/2021,Cameroon,Mozambique,3,1,Cameroon,FALSE,CMR,MOZ,2022,16/09/21,1404.46,1158.59
9/10/2021,Luxembourg,Serbia,0,1,Luxembourg,FALSE,LUX,SRB,2022,16/09/21,1244.55,1515.97
9/10/2021,Switzerland,Northern Ireland,2,0,Switzerland,FALSE,SUI,NIR,2022,16/09/21,1622.73,1435.06
9/10/2021,Moldova,Denmark,0,4,Moldova,FALSE,MDA,DEN,2022,16/09/21,940.3,1658.49
9/10/2021,Andorra,England,0,5,Andorra,FALSE,AND,ENG,2022,16/09/21,1033.27,1755.44
9/10/2021,Poland,San Marino,5,0,Poland,FALSE,POL,SMR,2022,16/09/21,1531.82,791.17
9/10/2021,Ghana,Zimbabwe,3,1,Ghana,FALSE,GHA,ZIM,2022,16/09/21,1411.3,1160.91
9/10/2021,Senegal,Namibia,4,1,Senegal,FALSE,SEN,NAM,2022,16/09/21,1555.37,1185.12
9/10/2021,Portugal,Qatar,3,0,Portugal,FALSE,POR,QAT,2022,16/09/21,1674.9,1445.83
9/10/2021,Morocco,Guinea-Bissau,3,0,Morocco,FALSE,MAR,GNB,2022,16/09/21,1493.23,1186.61
10/10/2021,Costa Rica,El Salvador,2,1,Costa Rica,FALSE,CRC,SLV,2022,16/09/21,1438.29,1369.73
10/10/2021,Jamaica,Canada,0,0,Jamaica,FALSE,JAM,CAN,2022,16/09/21,1402.39,1416.23
10/10/2021,Panama,United States,1,0,Panama,FALSE,PAN,USA,2022,16/09/21,1358.77,1643.1
10/10/2021,Mexico,Honduras,3,0,Mexico,FALSE,MEX,HON,2022,16/09/21,1666.19,1371.61
10/10/2021,Mauritania,Tunisia,0,0,Mauritania,FALSE,MTN,TUN,2022,16/09/21,1200.6,1526.87
10/10/2021,Colombia,Brazil,0,0,Colombia,FALSE,COL,BRA,2022,16/09/21,1618.4,1811.73
10/10/2021,Venezuela,Ecuador,2,1,Venezuela,FALSE,VEN,ECU,2022,16/09/21,1434.14,1415.09
10/10/2021,Argentina,Uruguay,3,0,Argentina,FALSE,ARG,URU,2022,16/09/21,1725.31,1645.42
10/10/2021,Italy,Belgium,2,1,Italy,FALSE,ITA,BEL,2022,16/09/21,1735.73,1832.33
10/10/2021,Spain,France,1,2,Italy,TRUE,ESP,FRA,2022,16/09/21,1673.68,1754.31
11/10/2021,Estonia,Wales,0,1,Estonia,FALSE,EST,WAL,2022,16/09/21,1174.44,1563.59
11/10/2021,Netherlands,Gibraltar,6,0,Netherlands,FALSE,NED,GIB,2022,16/09/21,1648.2,867.7
11/10/2021,Croatia,Slovakia,2,2,Croatia,FALSE,CRO,SVK,2022,16/09/21,1608.25,1462.59
11/10/2021,North Macedonia,Germany,0,4,North Macedonia,FALSE,MKD,GER,2022,16/09/21,1345.47,1627.8
11/10/2021,Mozambique,Cameroon,0,1,Morocco,TRUE,MOZ,CMR,2022,16/09/21,1158.59,1404.46
12/10/2021,Iran,South Korea,1,1,Iran,FALSE,IRN,KOR,2022,16/09/21,1538.08,1479.41
12/10/2021,Japan,Australia,2,1,Japan,FALSE,JPN,AUS,2022,16/09/21,1520.46,1493.99
12/10/2021,Saudi Arabia,China PR,3,2,Saudi Arabia,FALSE,KSA,CHN,2022,16/09/21,1406.34,1334.52
12/10/2021,Portugal,Luxembourg,5,0,Portugal,FALSE,POR,LUX,2022,16/09/21,1674.9,1244.55
12/10/2021,Serbia,Azerbaijan,3,1,Serbia,FALSE,SRB,AZE,2022,16/09/21,1515.97,1158.46
12/10/2021,Lithuania,Switzerland,0,4,Lithuania,FALSE,LTU,SUI,2022,16/09/21,1082.2,1622.73
12/10/2021,Denmark,Austria,1,0,Denmark,FALSE,DEN,AUT,2022,16/09/21,1658.49,1504.82
12/10/2021,England,Hungary,1,1,England,FALSE,ENG,HUN,2022,16/09/21,1755.44,1456.93
12/10/2021,Albania,Poland,0,1,Albania,FALSE,ALB,POL,2022,16/09/21,1368.73,1531.82
12/10/2021,Zimbabwe,Ghana,0,1,Zimbabwe,FALSE,ZIM,GHA,2022,16/09/21,1160.91,1411.3
12/10/2021,Namibia,Senegal,1,3,South Africa,TRUE,NAM,SEN,2022,16/09/21,1185.12,1555.37
12/10/2021,Republic of Ireland,Qatar,4,0,Republic of Ireland,FALSE,IRL,QAT,2022,16/09/21,1418.7,1445.83
12/10/2021,Morocco,Guinea,4,1,Morocco,FALSE,MAR,GUI,2022,16/09/21,1493.23,1326.09
13/10/21,United States,Costa Rica,2,1,United States,FALSE,USA,CRC,2022,16/09/21,1643.1,1438.29
13/10/21,Canada,Panama,4,1,Canada,FALSE,CAN,PAN,2022,16/09/21,1416.23,1358.77
13/10/21,El Salvador,Mexico,0,2,El Salvador,FALSE,SLV,MEX,2022,16/09/21,1369.73,1666.19
14/10/21,Colombia,Ecuador,0,0,Colombia,FALSE,COL,ECU,2022,16/09/21,1618.4,1415.09
14/10/21,Argentina,Peru,1,0,Argentina,FALSE,ARG,PER,2022,16/09/21,1725.31,1548.78
14/10/21,Brazil,Uruguay,4,1,Brazil,FALSE,BRA,URU,2022,16/09/21,1811.73,1645.42
27/10/21,Mexico,Ecuador,2,3,United States,TRUE,MEX,ECU,2022,21/10/21,1672.92,1416.93
11/11/2021,Serbia,Qatar,4,0,Serbia,FALSE,SRB,QAT,2022,21/10/21,1527.34,1437.73
11/11/2021,Ethiopia,Ghana,1,1,South Africa,TRUE,ETH,GHA,2022,21/10/21,1079.37,1424.87
11/11/2021,Togo,Senegal,1,1,Togo,FALSE,TOG,SEN,2022,21/10/21,1110.59,1564.95
11/11/2021,Lebanon,Iran,1,2,Lebanon,FALSE,LBN,IRN,2022,21/10/21,1250.08,1545.02
11/11/2021,South Korea,United Arab Emirates,1,0,South Korea,FALSE,KOR,UAE,2022,21/10/21,1489.1,1349.42
11/11/2021,Vietnam,Japan,0,1,Vietnam,FALSE,VIE,JPN,2022,21/10/21,1222.9,1517.69
11/11/2021,Australia,Saudi Arabia,0,0,Australia,FALSE,AUS,KSA,2022,21/10/21,1489.86,1432.21
11/11/2021,Republic of Ireland,Portugal,0,0,Republic of Ireland,FALSE,IRL,POR,2022,21/10/21,1430.59,1681.73
11/11/2021,Greece,Spain,0,1,Greece,FALSE,GRE,ESP,2022,21/10/21,1434.83,1687.66
11/11/2021,Malta,Croatia,1,7,Malta,FALSE,MLT,CRO,2022,21/10/21,964.21,1608.84
11/11/2021,Germany,Liechtenstein,9,0,Germany,FALSE,GER,LIE,2022,21/10/21,1642.47,903.63
11/11/2021,Ecuador,Venezuela,1,0,Ecuador,FALSE,ECU,VEN,2022,21/10/21,1416.93,1431.51
11/11/2021,Brazil,Colombia,1,0,Brazil,FALSE,BRA,COL,2022,21/10/21,1820.36,1618.76
12/11/2021,Morocco,Sudan,3,0,Morocco,FALSE,MAR,SDN,2022,21/10/21,1513,1139.67
12/11/2021,Canada,Costa Rica,1,0,Canada,FALSE,CAN,CRC,2022,21/10/21,1432.34,1439.61
12/11/2021,United States,Mexico,2,0,United States,FALSE,USA,MEX,2022,21/10/21,1639.42,1672.92
12/11/2021,Italy,Switzerland,1,1,Italy,FALSE,ITA,SUI,2022,21/10/21,1750.52,1633.8
12/11/2021,Denmark,Faroe Islands,3,1,Denmark,FALSE,DEN,FRO,2022,21/10/21,1668.98,1148.94
12/11/2021,England,Albania,5,0,England,FALSE,ENG,ALB,2022,21/10/21,1750.16,1374.33
12/11/2021,Andorra,Poland,1,4,Andorra,FALSE,AND,POL,2022,21/10/21,1038.88,1542.2
12/11/2021,Uruguay,Argentina,0,1,Uruguay,FALSE,URU,ARG,2022,21/10/21,1625.67,1738.79
13/11/21,Equatorial Guinea,Tunisia,1,0,Equatorial Guinea,FALSE,EQG,TUN,2022,21/10/21,1135.52,1525.3
13/11/21,Malawi,Cameroon,0,4,South Africa,TRUE,MWI,CMR,2022,21/10/21,1146.25,1418.21
13/11/21,France,Kazakhstan,8,0,France,FALSE,FRA,KAZ,2022,21/10/21,1779.24,1137.46
13/11/21,Wales,Belarus,5,1,Wales,FALSE,WAL,BLR,2022,21/10/21,1566.77,1233.59
13/11/21,Belgium,Estonia,3,1,Belgium,FALSE,BEL,EST,2022,21/10/21,1832.33,1184.03
13/11/21,Montenegro,Netherlands,2,2,Montenegro,FALSE,MNE,NED,2022,21/10/21,1346.19,1652.01
14/11/21,Azerbaijan,Qatar,2,2,Azerbaijan,FALSE,AZE,QAT,2022,21/10/21,1146.87,1437.73
14/11/21,Ghana,South Africa,1,0,Ghana,FALSE,GHA,RSA,2022,21/10/21,1424.87,1361.97
14/11/21,Senegal,Congo,2,0,Senegal,FALSE,SEN,CGO,2022,21/10/21,1564.95,1228.16
14/11/21,Portugal,Serbia,1,2,Portugal,FALSE,POR,SRB,2022,21/10/21,1681.73,1527.34
14/11/21,Spain,Sweden,1,0,Spain,FALSE,ESP,SWE,2022,21/10/21,1687.66,1618.69
14/11/21,Croatia,Russia,1,0,Croatia,FALSE,CRO,RUS,2022,21/10/21,1608.84,1497.45
14/11/21,Armenia,Germany,1,4,Armenia,FALSE,ARM,GER,2022,21/10/21,1257.17,1642.47
15/11/21,Switzerland,Bulgaria,4,0,Switzerland,FALSE,SUI,BUL,2022,21/10/21,1633.8,1350.11
15/11/21,Scotland,Denmark,2,0,Scotland,FALSE,SCO,DEN,2022,21/10/21,1451.37,1668.98
15/11/21,Poland,Hungary,1,2,Poland,FALSE,POL,HUN,2022,21/10/21,1542.2,1449.08
15/11/21,San Marino,England,0,10,San Marino,FALSE,SMR,ENG,2022,21/10/21,782.71,1750.16
16/11/21,Tunisia,Zambia,3,1,Tunisia,FALSE,TUN,ZAM,2022,21/10/21,1525.3,1260.8
16/11/21,Cameroon,Ivory Coast,1,0,Cameroon,FALSE,CMR,CIV,2022,21/10/21,1418.21,1424.12
16/11/21,Morocco,Guinea,3,0,Morocco,FALSE,MAR,GUI,2022,21/10/21,1513,1309.15
16/11/21,Iraq,South Korea,0,3,Qatar,TRUE,IRQ,KOR,2022,21/10/21,1346.2,1489.1
16/11/21,Syria,Iran,0,3,Jordan,TRUE,SYR,IRN,2022,21/10/21,1274.72,1545.02
16/11/21,China PR,Australia,1,1,United Arab Emirates,TRUE,CHN,AUS,2022,21/10/21,1334.2,1489.86
16/11/21,Vietnam,Saudi Arabia,0,1,Vietnam,FALSE,VIE,KSA,2022,21/10/21,1222.9,1432.21
16/11/21,Oman,Japan,0,1,Oman,FALSE,OMA,JPN,2022,21/10/21,1314.36,1517.69
16/11/21,Jamaica,United States,1,1,Jamaica,FALSE,JAM,USA,2022,21/10/21,1407.72,1639.42
16/11/21,Canada,Mexico,2,1,Canada,FALSE,CAN,MEX,2022,21/10/21,1432.34,1672.92
16/11/21,Costa Rica,Honduras,2,1,Costa Rica,FALSE,CRC,HON,2022,21/10/21,1439.61,1355.17
16/11/21,Finland,France,0,2,Finland,FALSE,FIN,FRA,2022,21/10/21,1403.96,1779.24
16/11/21,Wales,Belgium,1,1,Wales,FALSE,WAL,BEL,2022,21/10/21,1566.77,1832.33
16/11/21,Netherlands,Norway,2,0,Netherlands,FALSE,NED,NOR,2022,21/10/21,1652.01,1471.62
16/11/21,Bolivia,Uruguay,3,0,Bolivia,FALSE,BOL,URU,2022,21/10/21,1309.75,1625.67
16/11/21,Argentina,Brazil,0,0,Argentina,FALSE,ARG,BRA,2022,21/10/21,1738.79,1820.36
16/11/21,Chile,Ecuador,0,2,Chile,FALSE,CHI,ECU,2022,21/10/21,1546.26,1416.93
4/12/2021,El Salvador,Ecuador,1,1,United States,TRUE,SLV,ECU,2022,19/11/21,1350.63,1448.74
8/12/2021,Mexico,Chile,2,2,United States,TRUE,MEX,CHI,2022,19/11/21,1638.76,1541.33
18/12/21,United States,Bosnia and Herzegovina,1,0,United States,FALSE,USA,BIH,2022,19/11/21,1647.14,1392.56
5/1/2022,Algeria,Ghana,3,0,Qatar,TRUE,ALG,GHA,2022,23/12/21,1516.51,1428.97
9/1/2022,Cameroon,Burkina Faso,2,1,Cameroon,FALSE,CMR,BFA,2022,23/12/21,1437.35,1397.64
10/1/2022,Senegal,Zimbabwe,1,0,Cameroon,TRUE,SEN,ZIM,2022,23/12/21,1561.68,1138.44
10/1/2022,Morocco,Ghana,1,0,Cameroon,TRUE,MAR,GHA,2022,23/12/21,1529.93,1428.97
12/1/2022,Tunisia,Mali,0,1,Cameroon,TRUE,TUN,MLI,2022,23/12/21,1512.72,1427.98
13/01/22,Cameroon,Ethiopia,4,1,Cameroon,FALSE,CMR,ETH,2022,23/12/21,1437.35,1087.89
14/01/22,Senegal,Guinea,0,0,Cameroon,TRUE,SEN,GUI,2022,23/12/21,1561.68,1298.32
14/01/22,Morocco,Comoros,2,0,Cameroon,TRUE,MAR,COM,2022,23/12/21,1529.93,1117.65
14/01/22,Gabon,Ghana,1,1,Cameroon,TRUE,GAB,GHA,2022,23/12/21,1262,1428.97
15/01/22,South Korea,Iceland,5,1,Turkey,TRUE,KOR,ISL,2022,23/12/21,1507.24,1385.21
16/01/22,Tunisia,Mauritania,4,0,Cameroon,TRUE,TUN,MTN,2022,23/12/21,1512.72,1190.26
17/01/22,Cameroon,Cape Verde,1,1,Cameroon,FALSE,CMR,CPV,2022,23/12/21,1437.35,1339.48
18/01/22,Malawi,Senegal,0,0,Cameroon,TRUE,MWI,SEN,2022,23/12/21,1127.21,1561.68
18/01/22,Gabon,Morocco,2,2,Cameroon,TRUE,GAB,MAR,2022,23/12/21,1262,1529.93
18/01/22,Ghana,Comoros,2,3,Cameroon,TRUE,GHA,COM,2022,23/12/21,1428.97,1117.65
20/01/22,South Korea,Moldova,4,0,Turkey,TRUE,KOR,MDA,2022,23/12/21,1507.24,928.35
20/01/22,Gambia,Tunisia,1,0,Cameroon,TRUE,GAM,TUN,2022,23/12/21,1049.74,1512.72
23/01/22,Nigeria,Tunisia,0,1,Cameroon,TRUE,NGA,TUN,2022,23/12/21,1478.78,1512.72
24/01/22,Cameroon,Comoros,2,1,Cameroon,FALSE,CMR,COM,2022,23/12/21,1437.35,1117.65
25/01/22,Morocco,Malawi,2,1,Cameroon,TRUE,MAR,MWI,2022,23/12/21,1529.93,1127.21
25/01/22,Senegal,Cape Verde,2,0,Cameroon,TRUE,SEN,CPV,2022,23/12/21,1561.68,1339.48
27/01/22,Jamaica,Mexico,1,2,Jamaica,FALSE,JAM,MEX,2022,23/12/21,1412.13,1638.3
27/01/22,United States,El Salvador,1,0,United States,FALSE,USA,SLV,2022,23/12/21,1648.51,1349.47
27/01/22,Honduras,Canada,0,2,Honduras,FALSE,HON,CAN,2022,23/12/21,1332.16,1462.32
27/01/22,Costa Rica,Panama,1,0,Costa Rica,FALSE,CRC,PAN,2022,23/12/21,1437.43,1379.34
27/01/22,Lebanon,South Korea,0,1,Lebanon,FALSE,LBN,KOR,2022,23/12/21,1233,1507.24
27/01/22,Iran,Iraq,1,0,Iran,FALSE,IRN,IRQ,2022,23/12/21,1557.58,1333.03
27/01/22,Japan,China PR,2,0,Japan,FALSE,JPN,CHN,2022,23/12/21,1531.53,1337.33
27/01/22,Australia,Vietnam,4,0,Australia,FALSE,AUS,VIE,2022,23/12/21,1484.88,1212.54
27/01/22,Saudi Arabia,Oman,1,0,Saudi Arabia,FALSE,KSA,OMA,2022,23/12/21,1434.71,1306.01
27/01/22,Ecuador,Brazil,1,1,Ecuador,FALSE,ECU,BRA,2022,23/12/21,1448.27,1826.35
27/01/22,Paraguay,Uruguay,0,1,Paraguay,FALSE,PAR,URU,2022,23/12/21,1454.52,1596.66
27/01/22,Chile,Argentina,1,2,Chile,FALSE,CHI,ARG,2022,23/12/21,1543.42,1750.51
29/01/22,Burkina Faso,Tunisia,1,0,Cameroon,TRUE,BFA,TUN,2022,23/12/21,1397.64,1512.72
29/01/22,Cameroon,Gambia,2,0,Cameroon,FALSE,CMR,GAM,2022,23/12/21,1437.35,1049.74
30/01/22,Egypt,Morocco,2,1,Cameroon,TRUE,EGY,MAR,2022,23/12/21,1451.77,1529.93
30/01/22,Senegal,Equatorial Guinea,3,1,Cameroon,TRUE,SEN,EQG,2022,23/12/21,1561.68,1156.78
30/01/22,Canada,United States,2,0,Canada,FALSE,CAN,USA,2022,23/12/21,1462.32,1648.51
30/01/22,Mexico,Costa Rica,0,0,Mexico,FALSE,MEX,CRC,2022,23/12/21,1638.3,1437.43
1/2/2022,Iran,United Arab Emirates,1,0,Iran,FALSE,IRN,UAE,2022,23/12/21,1557.58,1350.39
1/2/2022,Syria,South Korea,0,2,United Arab Emirates,TRUE,SYR,KOR,2022,23/12/21,1268.54,1507.24
1/2/2022,Japan,Saudi Arabia,2,0,Japan,FALSE,JPN,KSA,2022,23/12/21,1531.53,1434.71
1/2/2022,Oman,Australia,2,2,Oman,FALSE,OMA,AUS,2022,23/12/21,1306.01,1484.88
1/2/2022,Uruguay,Venezuela,4,1,Uruguay,FALSE,URU,VEN,2022,23/12/21,1596.66,1409.14
1/2/2022,Argentina,Colombia,1,0,Argentina,FALSE,ARG,COL,2022,23/12/21,1750.51,1607.15
1/2/2022,Peru,Ecuador,1,1,Peru,FALSE,PER,ECU,2022,23/12/21,1551.15,1448.27
1/2/2022,Brazil,Paraguay,4,0,Brazil,FALSE,BRA,PAR,2022,23/12/21,1826.35,1454.52
2/2/2022,Burkina Faso,Senegal,1,3,Cameroon,TRUE,BFA,SEN,2022,23/12/21,1397.64,1561.68
2/2/2022,United States,Honduras,3,0,United States,FALSE,USA,HON,2022,23/12/21,1648.51,1332.16
2/2/2022,Jamaica,Costa Rica,0,1,Jamaica,FALSE,JAM,CRC,2022,23/12/21,1412.13,1437.43
2/2/2022,El Salvador,Canada,0,2,El Salvador,FALSE,SLV,CAN,2022,23/12/21,1349.47,1462.32
2/2/2022,Mexico,Panama,1,0,Mexico,FALSE,MEX,PAN,2022,23/12/21,1638.3,1379.34
3/2/2022,Cameroon,Egypt,0,0,Cameroon,FALSE,CMR,EGY,2022,23/12/21,1437.35,1451.77
5/2/2022,Cameroon,Burkina Faso,3,3,Cameroon,FALSE,CMR,BFA,2022,23/12/21,1437.35,1397.64
6/2/2022,Senegal,Egypt,0,0,Cameroon,TRUE,SEN,EGY,2022,23/12/21,1561.68,1451.77
24/03/22,Mexico,United States,0,0,Mexico,FALSE,MEX,USA,2022,10/2/2022,1647.9,1643.34
24/03/22,Costa Rica,Canada,1,0,Costa Rica,FALSE,CRC,CAN,2022,10/2/2022,1464.06,1497.82
24/03/22,South Korea,Iran,2,0,South Korea,FALSE,KOR,IRN,2022,10/2/2022,1522.85,1572.89
24/03/22,China PR,Saudi Arabia,1,1,United Arab Emirates,TRUE,CHN,KSA,2022,10/2/2022,1313.81,1433.95
24/03/22,Australia,Japan,0,2,Australia,FALSE,AUS,JPN,2022,10/2/2022,1486.86,1549.82
24/03/22,Brazil,Chile,4,0,Brazil,FALSE,BRA,CHI,2022,10/2/2022,1823.42,1543.16
24/03/22,Paraguay,Ecuador,3,1,Paraguay,FALSE,PAR,ECU,2022,10/2/2022,1440.53,1458.63
24/03/22,Uruguay,Peru,1,0,Uruguay,FALSE,URU,PER,2022,10/2/2022,1614.05,1563.45
24/03/22,Portugal,Turkey,3,1,Portugal,FALSE,POR,TUR,2022,10/2/2022,1660.25,1472.72
24/03/22,Wales,Austria,2,1,Wales,FALSE,WAL,AUT,2022,10/2/2022,1578.01,1511.56
24/03/22,Hungary,Serbia,0,1,Hungary,FALSE,HUN,SRB,2022,10/2/2022,1465.62,1547.38
24/03/22,Scotland,Poland,1,1,Scotland,FALSE,SCO,POL,2022,10/2/2022,1471.82,1530.62
25/03/22,Cameroon,Algeria,0,1,Cameroon,FALSE,CMR,ALG,2022,10/2/2022,1480.82,1460.93
25/03/22,DR Congo,Morocco,1,1,DR Congo,FALSE,COD,MAR,2022,10/2/2022,1369.53,1547.42
25/03/22,Egypt,Senegal,1,0,Egypt,FALSE,EGY,SEN,2022,10/2/2022,1497.05,1587.78
25/03/22,Ghana,Nigeria,0,0,Ghana,FALSE,GHA,NGA,2022,10/2/2022,1381.45,1509.91
25/03/22,Mali,Tunisia,0,1,Mali,FALSE,MLI,TUN,2022,10/2/2022,1446.49,1489.92
25/03/22,Argentina,Venezuela,3,0,Argentina,FALSE,ARG,VEN,2022,10/2/2022,1766.99,1411.45
25/03/22,France,Ivory Coast,2,1,France,FALSE,FRA,CIV,2022,10/2/2022,1786.15,1439.62
26/03/22,Croatia,Slovenia,1,1,Qatar,TRUE,CRO,SVN,2022,10/2/2022,1620.74,1375.42
26/03/22,England,Switzerland,2,1,England,FALSE,ENG,SUI,2022,10/2/2022,1755.52,1642.83
26/03/22,Germany,Israel,2,0,Germany,FALSE,GER,ISR,2022,10/2/2022,1648.33,1306.7
26/03/22,Netherlands,Denmark,4,2,Netherlands,FALSE,NED,DEN,2022,10/2/2022,1653.73,1654.54
26/03/22,Qatar,Bulgaria,2,1,Qatar,FALSE,QAT,BUL,2022,10/2/2022,1437.91,1345.47
26/03/22,Republic of Ireland,Belgium,2,2,Republic of Ireland,FALSE,IRL,BEL,2022,10/2/2022,1444.29,1828.45
26/03/22,Spain,Albania,2,1,Spain,FALSE,ESP,ALB,2022,10/2/2022,1704.75,1374.98
27/03/22,El Salvador,Costa Rica,1,2,El Salvador,FALSE,SLV,CRC,2022,10/2/2022,1346.04,1464.06
27/03/22,Canada,Jamaica,4,0,Canada,FALSE,CAN,JAM,2022,10/2/2022,1497.82,1378.62
27/03/22,Honduras,Mexico,0,1,Honduras,FALSE,HON,MEX,2022,10/2/2022,1303.96,1647.9
27/03/22,United States,Panama,5,1,United States,FALSE,USA,PAN,2022,10/2/2022,1643.34,1375.56
29/03/22,Algeria,Cameroon,1,2,Algeria,FALSE,ALG,CMR,2022,10/2/2022,1460.93,1480.82
29/03/22,Morocco,DR Congo,4,1,Morocco,FALSE,MAR,COD,2022,10/2/2022,1547.42,1369.53
29/03/22,Nigeria,Ghana,1,1,Nigeria,FALSE,NGA,GHA,2022,10/2/2022,1509.91,1381.45
29/03/22,Senegal,Egypt,1,0,Senegal,FALSE,SEN,EGY,2022,10/2/2022,1587.78,1497.05
29/03/22,Tunisia,Mali,0,0,Tunisia,FALSE,TUN,MLI,2022,10/2/2022,1489.92,1446.49
29/03/22,Iran,Lebanon,2,0,Iran,FALSE,IRN,LBN,2022,10/2/2022,1572.89,1228.97
29/03/22,United Arab Emirates,South Korea,1,0,United Arab Emirates,FALSE,UAE,KOR,2022,10/2/2022,1353.1,1522.85
29/03/22,Japan,Vietnam,1,1,Japan,FALSE,JPN,VIE,2022,10/2/2022,1549.82,1218.55
29/03/22,Saudi Arabia,Australia,1,0,Saudi Arabia,FALSE,KSA,AUS,2022,10/2/2022,1433.95,1486.86
29/03/22,Ecuador,Argentina,1,1,Ecuador,FALSE,ECU,ARG,2022,10/2/2022,1458.63,1766.99
29/03/22,Bolivia,Brazil,0,4,Bolivia,FALSE,BOL,BRA,2022,10/2/2022,1308.12,1823.42
29/03/22,Chile,Uruguay,0,2,Chile,FALSE,CHI,URU,2022,10/2/2022,1543.16,1614.05
29/03/22,Poland,Sweden,2,0,Poland,FALSE,POL,SWE,2022,10/2/2022,1530.62,1588.26
29/03/22,Portugal,North Macedonia,2,0,Portugal,FALSE,POR,MKD,2022,10/2/2022,1660.25,1367.23
29/03/22,Belgium,Burkina Faso,3,0,Belgium,FALSE,BEL,BFA,2022,10/2/2022,1828.45,1418.58
29/03/22,Croatia,Bulgaria,2,1,Qatar,TRUE,CRO,BUL,2022,10/2/2022,1620.74,1345.47
29/03/22,Denmark,Serbia,3,0,Denmark,FALSE,DEN,SRB,2022,10/2/2022,1654.54,1547.38
29/03/22,England,Ivory Coast,3,0,England,FALSE,ENG,CIV,2022,10/2/2022,1755.52,1439.62
29/03/22,France,South Africa,5,0,Algeria,TRUE,FRA,RSA,2022,10/2/2022,1786.15,1358.24
29/03/22,Netherlands,Germany,1,1,Netherlands,FALSE,NED,GER,2022,10/2/2022,1653.73,1648.33
29/03/22,Qatar,Slovenia,0,0,Qatar,FALSE,QAT,SVN,2022,10/2/2022,1437.91,1375.42
29/03/22,Spain,Iceland,5,0,Spain,FALSE,ESP,ISL,2022,10/2/2022,1704.75,1382.81
29/03/22,Switzerland,Kosovo,1,1,Switzerland,FALSE,SUI,KOS,2022,10/2/2022,1642.83,1163.05
29/03/22,Wales,Czech Republic,1,1,Wales,FALSE,WAL,CZE,2022,10/2/2022,1578.01,1510.42
30/03/22,Mexico,El Salvador,2,0,Mexico,FALSE,MEX,SLV,2022,10/2/2022,1647.9,1346.04
30/03/22,Costa Rica,United States,2,0,Costa Rica,FALSE,CRC,USA,2022,10/2/2022,1464.06,1643.34
30/03/22,Panama,Canada,1,0,Panama,FALSE,PAN,CAN,2022,10/2/2022,1375.56,1497.82
27/04/22,Mexico,Guatemala,0,0,United States,TRUE,MEX,GUA,2022,31/03/22,1658.82,1147.85
28/05/22,Mexico,Nigeria,2,1,United States,TRUE,MEX,NGA,2022,31/03/22,1658.82,1504.01
1/6/2022,Ghana,Madagascar,3,0,Ghana,FALSE,GHA,MAD,2022,31/03/22,1387.36,1205.61
1/6/2022,Poland,Wales,2,1,Poland,FALSE,POL,WAL,2022,31/03/22,1544.2,1588.08
1/6/2022,Australia,Jordan,2,1,Qatar,TRUE,AUS,JOR,2022,31/03/22,1462.29,1259.84
1/6/2022,United States,Morocco,3,0,United States,FALSE,USA,MAR,2022,31/03/22,1633.72,1551.88
2/6/2022,Tunisia,Equatorial Guinea,4,0,Tunisia,FALSE,TUN,EQG,2022,31/03/22,1499.8,1210.07
2/6/2022,Czech Republic,Switzerland,2,1,Czech Republic,FALSE,CZE,SUI,2022,31/03/22,1500.62,1635.32
2/6/2022,Spain,Portugal,1,1,Spain,FALSE,ESP,POR,2022,31/03/22,1709.19,1674.78
2/6/2022,Serbia,Norway,0,1,Serbia,FALSE,SRB,NOR,2022,31/03/22,1547.53,1463.5
2/6/2022,Ecuador,Nigeria,1,0,United States,TRUE,ECU,NGA,2022,31/03/22,1452.63,1504.01
2/6/2022,Japan,Paraguay,4,1,Japan,FALSE,JPN,PAR,2022,31/03/22,1553.44,1443.3
2/6/2022,South Korea,Brazil,1,5,South Korea,FALSE,KOR,BRA,2022,31/03/22,1519.54,1832.69
2/6/2022,Mexico,Uruguay,0,3,United States,TRUE,MEX,URU,2022,31/03/22,1658.82,1635.73
3/6/2022,Croatia,Austria,0,3,Croatia,FALSE,CRO,AUT,2022,31/03/22,1621.11,1500.37
3/6/2022,France,Denmark,1,2,France,FALSE,FRA,DEN,2022,31/03/22,1789.85,1653.6
3/6/2022,Belgium,Netherlands,1,4,Belgium,FALSE,BEL,NED,2022,31/03/22,1827,1658.66
4/6/2022,Senegal,Benin,3,1,Senegal,FALSE,SEN,BEN,2022,31/03/22,1584.16,1284.13
4/6/2022,Hungary,England,1,0,Hungary,FALSE,HUN,ENG,2022,31/03/22,1466.08,1761.71
4/6/2022,Italy,Germany,1,1,Italy,FALSE,ITA,GER,2022,31/03/22,1723.31,1650.53
5/6/2022,Wales,Ukraine,1,0,Wales,FALSE,WAL,UKR,2022,31/03/22,1588.08,1535.08
5/6/2022,Central African Republic,Ghana,1,1,Angola,TRUE,CTA,GHA,2022,31/03/22,1122.08,1387.36
5/6/2022,Botswana,Tunisia,0,0,Botswana,FALSE,BOT,TUN,2022,31/03/22,1051.59,1499.8
5/6/2022,Portugal,Switzerland,4,0,Portugal,FALSE,POR,SUI,2022,31/03/22,1674.78,1635.32
5/6/2022,Czech Republic,Spain,2,2,Czech Republic,FALSE,CZE,ESP,2022,31/03/22,1500.62,1709.19
5/6/2022,Serbia,Slovenia,4,1,Serbia,FALSE,SRB,SVN,2022,31/03/22,1547.53,1378.23
5/6/2022,Argentina,Estonia,5,0,Spain,TRUE,ARG,EST,2022,31/03/22,1765.13,1169.06
5/6/2022,Mexico,Ecuador,0,0,United States,TRUE,MEX,ECU,2022,31/03/22,1658.82,1452.63
5/6/2022,Saudi Arabia,Colombia,0,1,Spain,TRUE,KSA,COL,2022,31/03/22,1444.69,1600.52
5/6/2022,United States,Uruguay,0,0,United States,FALSE,USA,URU,2022,31/03/22,1633.72,1635.73
6/6/2022,Austria,Denmark,1,2,Austria,FALSE,AUT,DEN,2022,31/03/22,1500.37,1653.6
6/6/2022,Croatia,France,1,1,Croatia,FALSE,CRO,FRA,2022,31/03/22,1621.11,1789.85
6/6/2022,South Korea,Chile,2,0,South Korea,FALSE,KOR,CHI,2022,31/03/22,1519.54,1526.4
6/6/2022,Japan,Brazil,0,1,Japan,FALSE,JPN,BRA,2022,31/03/22,1553.44,1832.69
7/6/2022,Senegal,Rwanda,1,0,Senegal,FALSE,SEN,RWA,2022,31/03/22,1584.16,1097.16
7/6/2022,Germany,England,1,1,Germany,FALSE,GER,ENG,2022,31/03/22,1650.53,1761.71
8/6/2022,Wales,Netherlands,1,2,Wales,FALSE,WAL,NED,2022,31/03/22,1588.08,1658.66
8/6/2022,Belgium,Poland,6,1,Belgium,FALSE,BEL,POL,2022,31/03/22,1827,1544.2
9/6/2022,Burundi,Cameroon,0,1,Tanzania,TRUE,BDI,CMR,2022,31/03/22,1080.62,1480.48
9/6/2022,Morocco,South Africa,2,1,Morocco,FALSE,MAR,RSA,2022,31/03/22,1551.88,1356.01
9/6/2022,Portugal,Czech Republic,2,0,Portugal,FALSE,POR,CZE,2022,31/03/22,1674.78,1500.62
9/6/2022,Switzerland,Spain,0,1,Switzerland,FALSE,SUI,ESP,2022,31/03/22,1635.32,1709.19
9/6/2022,Sweden,Serbia,0,1,Sweden,FALSE,SWE,SRB,2022,31/03/22,1584.77,1547.53
9/6/2022,Saudi Arabia,Venezuela,0,1,Spain,TRUE,KSA,VEN,2022,31/03/22,1444.69,1398.14
10/6/2022,Austria,France,1,1,Austria,FALSE,AUT,FRA,2022,31/03/22,1500.37,1789.85
10/6/2022,Denmark,Croatia,0,1,Denmark,FALSE,DEN,CRO,2022,31/03/22,1653.6,1621.11
10/6/2022,South Korea,Paraguay,2,2,South Korea,FALSE,KOR,PAR,2022,31/03/22,1519.54,1443.3
11/6/2022,England,Italy,0,0,England,FALSE,ENG,ITA,2022,31/03/22,1761.71,1723.31
11/6/2022,Hungary,Germany,1,1,Hungary,FALSE,HUN,GER,2022,31/03/22,1466.08,1650.53
11/6/2022,Wales,Belgium,1,1,Wales,FALSE,WAL,BEL,2022,31/03/22,1588.08,1827
11/6/2022,Netherlands,Poland,2,2,Netherlands,FALSE,NED,POL,2022,31/03/22,1658.66,1544.2
11/6/2022,Ecuador,Cape Verde,1,0,United States,TRUE,ECU,CPV,2022,31/03/22,1452.63,1339.5
11/6/2022,Uruguay,Panama,5,0,Uruguay,FALSE,URU,PAN,2022,31/03/22,1635.73,1382.79
12/6/2022,Spain,Czech Republic,2,0,Spain,FALSE,ESP,CZE,2022,31/03/22,1709.19,1500.62
12/6/2022,Switzerland,Portugal,1,0,Switzerland,FALSE,SUI,POR,2022,31/03/22,1635.32,1674.78
12/6/2022,Slovenia,Serbia,2,2,Slovenia,FALSE,SVN,SRB,2022,31/03/22,1378.23,1547.53
12/6/2022,Iran,Algeria,1,2,Qatar,TRUE,IRN,ALG,2022,31/03/22,1564.49,1461.26
13/06/22,Australia,Peru,0,0,Qatar,TRUE,AUS,PER,2022,31/03/22,1462.29,1562.32
13/06/22,Morocco,Liberia,2,0,Morocco,FALSE,MAR,LBR,2022,31/03/22,1551.88,1050.5
13/06/22,Denmark,Austria,2,0,Denmark,FALSE,DEN,AUT,2022,31/03/22,1653.6,1500.37
13/06/22,France,Croatia,0,1,France,FALSE,FRA,CRO,2022,31/03/22,1789.85,1621.11
14/06/22,Costa Rica,New Zealand,1,0,Qatar,TRUE,CRC,NZL,2022,31/03/22,1503.09,1206.07
14/06/22,England,Hungary,0,4,England,FALSE,ENG,HUN,2022,31/03/22,1761.71,1466.08
14/06/22,Germany,Italy,5,2,Germany,FALSE,GER,ITA,2022,31/03/22,1650.53,1723.31
14/06/22,Netherlands,Wales,3,2,Netherlands,FALSE,NED,WAL,2022,31/03/22,1658.66,1588.08
14/06/22,Poland,Belgium,0,1,Poland,FALSE,POL,BEL,2022,31/03/22,1544.2,1827
14/06/22,South Korea,Egypt,4,1,South Korea,FALSE,KOR,EGY,2022,31/03/22,1519.54,1500.67
